date,hour,day,Is_Weekend,pool_price,volatility,max_price,95th_percentile,price_spike,demand,max_demand,volume,reserve_margin,lerner_index,high_lerner_flag,,,,,
2024-12-01,1,Sunday,1.00,10.50,21.78,70.71,51.39,0.00,10721.00,11891.00,22418.75,0.52,0.00,0.00,,,,,
2024-12-01,2,Sunday,1.00,13.33,22.40,70.71,51.39,0.00,10560.00,11891.00,22418.75,0.53,0.00,0.00,,,,,
2024-12-01,3,Sunday,1.00,14.60,22.90,70.71,51.39,0.00,10514.00,11891.00,22418.75,0.53,0.00,0.00,,,,,
2024-12-01,4,Sunday,1.00,19.08,23.18,70.71,51.39,0.00,10505.00,11891.00,22418.75,0.53,0.00,0.00,,,,,
2024-12-01,5,Sunday,1.00,20.50,23.41,70.71,51.39,0.00,10549.00,11891.00,22418.75,0.53,0.00,0.00,,,,,
2024-12-01,6,Sunday,1.00,23.26,23.57,70.71,51.39,0.00,10613.00,11891.00,22418.75,0.53,0.00,0.00,,,,,
2024-12-01,7,Sunday,1.00,27.54,23.63,70.71,51.39,0.00,10744.00,11891.00,22418.75,0.52,11.80,1.00,,,,,
2024-12-01,8,Sunday,1.00,41.43,23.55,70.71,51.39,0.00,10919.00,11891.00,22418.75,0.51,14.78,1.00,,,,,
2024-12-01,9,Sunday,1.00,43.72,23.55,70.71,51.39,0.00,11059.00,11891.00,22418.75,0.51,23.00,1.00,,,,,
2024-12-01,10,Sunday,1.00,47.32,23.60,70.71,51.39,0.00,11233.00,11891.00,22418.75,0.50,22.60,1.00,,,,,
2024-12-01,11,Sunday,1.00,47.75,23.64,70.71,51.39,0.00,11343.00,11891.00,22418.75,0.49,24.22,1.00,,,,,
2024-12-01,12,Sunday,1.00,48.36,23.67,37.99,51.39,0.00,11334.00,11891.00,22418.75,0.49,23.59,1.00,,,,,
2024-12-01,13,Sunday,1.00,47.16,23.67,37.99,51.39,0.00,11421.00,11891.00,22418.75,0.49,24.56,1.00,,,,,
2024-12-01,14,Sunday,1.00,49.44,23.70,37.99,51.39,0.00,11446.00,11891.00,22418.75,0.49,24.42,1.00,,,,,
2024-12-01,15,Sunday,1.00,49.39,23.66,37.99,51.39,0.00,11440.00,11891.00,22418.75,0.49,30.09,1.00,,,,,
2024-12-01,16,Sunday,1.00,52.16,23.70,37.99,51.39,1.00,11494.00,11891.00,22418.75,0.49,48.04,1.00,,,,,
2024-12-01,17,Sunday,1.00,70.71,21.19,37.99,51.39,1.00,11724.00,11891.00,22418.75,0.48,24.45,1.00,,,,,
2024-12-01,18,Sunday,1.00,51.43,15.56,37.99,51.39,1.00,11891.00,11891.00,22418.75,0.47,19.60,1.00,,,,,
2024-12-01,19,Sunday,1.00,43.56,15.39,37.99,51.39,0.00,11794.00,11891.00,22418.75,0.47,0.00,0.00,,,,,
2024-12-01,20,Sunday,1.00,27.13,15.34,37.99,51.39,0.00,11677.00,11891.00,22418.75,0.48,0.00,0.00,,,,,
2024-12-01,21,Sunday,1.00,25.65,15.25,37.99,51.39,0.00,11543.00,11891.00,22418.75,0.49,0.73,1.00,,,,,
2024-12-01,22,Sunday,1.00,32.38,15.26,37.99,51.39,0.00,11370.00,11891.00,22418.75,0.49,0.00,0.00,,,,,
2024-12-01,23,Sunday,1.00,28.62,15.31,37.99,51.39,0.00,11028.00,11891.00,22418.75,0.51,0.00,0.00,,,,,
2024-12-01,24,Sunday,0.00,12.93,15.69,37.99,51.39,0.00,10718.00,11891.00,22418.75,0.52,0.00,0.00,,,,,
2024-12-02,1,Monday,0.00,13.88,15.48,37.99,51.39,0.00,10554.00,11741.00,22418.75,0.53,0.00,0.00,,,,,
2024-12-02,2,Monday,0.00,15.48,15.36,37.99,51.39,0.00,10393.00,11741.00,22418.75,0.54,0.00,0.00,,,,,
2024-12-02,3,Monday,0.00,5.69,15.96,37.99,51.39,0.00,10280.00,11741.00,22418.75,0.54,0.00,0.00,,,,,
2024-12-02,4,Monday,0.00,14.21,16.19,37.99,51.39,0.00,10271.00,11741.00,22418.75,0.54,0.00,0.00,,,,,
2024-12-02,5,Monday,0.00,18.26,16.28,37.99,51.39,0.00,10284.00,11741.00,22418.75,0.54,0.00,0.00,,,,,
2024-12-02,6,Monday,0.00,14.19,16.65,37.99,51.39,0.00,10446.00,11741.00,22418.75,0.53,0.00,0.00,,,,,
2024-12-02,7,Monday,0.00,9.84,17.32,37.99,51.39,0.00,10832.00,11741.00,22418.75,0.52,0.00,0.00,,,,,
2024-12-02,8,Monday,0.00,18.26,17.51,37.99,51.39,0.00,11302.00,11741.00,22418.75,0.50,0.00,0.00,,,,,
2024-12-02,9,Monday,0.00,22.39,17.48,37.99,51.39,0.00,11420.00,11741.00,22418.75,0.49,0.00,0.00,,,,,
2024-12-02,10,Monday,0.00,5.31,17.94,37.99,51.39,0.00,11446.00,11741.00,22418.75,0.49,0.00,0.00,,,,,
2024-12-02,11,Monday,0.00,4.64,18.25,37.99,51.39,0.00,11500.00,11741.00,22418.75,0.49,0.00,0.00,,,,,
2024-12-02,12,Monday,0.00,23.09,17.79,39.91,51.39,0.00,11522.00,11741.00,22418.75,0.49,0.00,0.00,,,,,
2024-12-02,13,Monday,0.00,32.43,17.34,39.91,51.39,0.00,11472.00,11741.00,22418.75,0.49,0.00,0.00,,,,,
2024-12-02,14,Monday,0.00,31.78,16.73,39.91,51.39,0.00,11422.00,11741.00,22418.75,0.49,23.08,1.00,,,,,
2024-12-02,15,Monday,0.00,37.99,16.21,39.91,51.39,0.00,11399.00,11741.00,22418.75,0.49,0.00,0.00,,,,,
2024-12-02,16,Monday,0.00,28.94,15.25,39.91,51.39,0.00,11435.00,11741.00,22418.75,0.49,0.00,0.00,,,,,
2024-12-02,17,Monday,0.00,31.91,11.98,39.91,51.39,0.00,11649.00,11741.00,22418.75,0.48,0.00,0.00,,,,,
2024-12-02,18,Monday,0.00,24.06,10.41,39.91,51.39,0.00,11741.00,11741.00,22418.75,0.48,0.00,0.00,,,,,
2024-12-02,19,Monday,0.00,16.66,9.40,39.91,51.39,0.00,11591.00,11741.00,22418.75,0.48,0.00,0.00,,,,,
2024-12-02,20,Monday,0.00,10.12,9.53,39.91,51.39,0.00,11525.00,11741.00,22418.75,0.49,0.00,0.00,,,,,
2024-12-02,21,Monday,0.00,21.07,9.46,39.91,51.39,0.00,11381.00,11741.00,22418.75,0.49,0.00,0.00,,,,,
2024-12-02,22,Monday,0.00,7.40,9.39,39.91,51.39,0.00,11040.00,11741.00,22418.75,0.51,0.00,0.00,,,,,
2024-12-02,23,Monday,0.00,0.00,9.86,39.91,51.39,0.00,10651.00,11741.00,22418.75,0.52,0.00,0.00,,,,,
2024-12-02,24,Monday,0.00,0.00,10.43,39.91,51.39,0.00,10367.00,11741.00,22418.75,0.54,0.00,0.00,,,,,
2024-12-03,1,Tuesday,0.00,0.00,10.96,39.91,51.39,0.00,10161.00,11607.00,22418.75,0.55,0.00,0.00,,,,,
2024-12-03,2,Tuesday,0.00,0.00,11.44,39.91,51.39,0.00,10002.00,11607.00,22418.75,0.55,0.00,0.00,,,,,
2024-12-03,3,Tuesday,0.00,0.00,11.70,39.91,51.39,0.00,9836.00,11607.00,22418.75,0.56,0.00,0.00,,,,,
2024-12-03,4,Tuesday,0.00,0.00,12.11,39.91,51.39,0.00,9772.00,11607.00,22418.75,0.56,0.00,0.00,,,,,
2024-12-03,5,Tuesday,0.00,0.00,12.44,39.91,51.39,0.00,9839.00,11607.00,22418.75,0.56,0.00,0.00,,,,,
2024-12-03,6,Tuesday,0.00,0.00,12.76,39.91,51.39,0.00,10019.00,11607.00,22418.75,0.55,0.00,0.00,,,,,
2024-12-03,7,Tuesday,0.00,0.69,13.00,39.91,51.39,0.00,10502.00,11607.00,22418.75,0.53,0.00,0.00,,,,,
2024-12-03,8,Tuesday,0.00,8.57,12.99,39.91,51.39,0.00,10971.00,11607.00,22418.75,0.51,0.00,0.00,,,,,
2024-12-03,9,Tuesday,0.00,14.18,12.84,39.91,51.39,0.00,11115.00,11607.00,22418.75,0.50,0.00,0.00,,,,,
2024-12-03,10,Tuesday,0.00,20.14,12.84,39.91,51.39,0.00,11144.00,11607.00,22418.75,0.50,0.00,0.00,,,,,
2024-12-03,11,Tuesday,0.00,15.36,12.72,39.91,51.39,0.00,11147.00,11607.00,22418.75,0.50,0.00,0.00,,,,,
2024-12-03,12,Tuesday,0.00,9.42,12.58,63.98,51.39,0.00,11171.00,11607.00,22418.75,0.50,0.00,0.00,,,,,
2024-12-03,13,Tuesday,0.00,18.71,11.98,63.98,51.39,0.00,11047.00,11607.00,22418.75,0.51,0.00,0.00,,,,,
2024-12-03,14,Tuesday,0.00,19.10,11.38,63.98,51.39,0.00,11006.00,11607.00,22418.75,0.51,0.00,0.00,,,,,
2024-12-03,15,Tuesday,0.00,20.17,10.17,63.98,51.39,0.00,11002.00,11607.00,22418.75,0.51,0.00,0.00,,,,,
2024-12-03,16,Tuesday,0.00,21.43,9.72,63.98,51.39,0.00,11119.00,11607.00,22418.75,0.50,21.66,1.00,,,,,
2024-12-03,17,Tuesday,0.00,39.84,10.53,63.98,51.39,0.00,11413.00,11607.00,22418.75,0.49,16.96,1.00,,,,,
2024-12-03,18,Tuesday,0.00,38.95,11.66,63.98,51.39,0.00,11607.00,11607.00,22418.75,0.48,4.07,1.00,,,,,
2024-12-03,19,Tuesday,0.00,33.82,12.44,63.98,51.39,0.00,11446.00,11607.00,22418.75,0.49,19.90,1.00,,,,,
2024-12-03,20,Tuesday,0.00,39.91,13.57,63.98,51.39,0.00,11354.00,11607.00,22418.75,0.49,17.11,1.00,,,,,
2024-12-03,21,Tuesday,0.00,39.12,14.43,63.98,51.39,0.00,11201.00,11607.00,22418.75,0.50,18.34,1.00,,,,,
2024-12-03,22,Tuesday,0.00,39.71,15.20,63.98,51.39,0.00,11015.00,11607.00,22418.75,0.51,2.51,1.00,,,,,
2024-12-03,23,Tuesday,0.00,34.67,15.28,63.98,51.39,0.00,10731.00,11607.00,22418.75,0.52,0.00,0.00,,,,,
2024-12-03,24,Tuesday,0.00,25.08,14.92,63.98,51.39,0.00,10405.00,11607.00,22418.75,0.54,0.00,0.00,,,,,
2024-12-04,1,Wednesday,0.00,19.88,14.42,63.98,51.39,0.00,10204.00,11737.00,22418.75,0.54,0.00,0.00,,,,,
2024-12-04,2,Wednesday,0.00,11.52,13.96,63.98,51.39,0.00,10061.00,11737.00,22418.75,0.55,0.00,0.00,,,,,
2024-12-04,3,Wednesday,0.00,16.91,13.37,63.98,51.39,0.00,9989.00,11737.00,22418.75,0.55,0.00,0.00,,,,,
2024-12-04,4,Wednesday,0.00,17.15,12.71,63.98,51.39,0.00,10019.00,11737.00,22418.75,0.55,0.00,0.00,,,,,
2024-12-04,5,Wednesday,0.00,17.69,11.96,63.98,51.39,0.00,10113.00,11737.00,22418.75,0.55,0.00,0.00,,,,,
2024-12-04,6,Wednesday,0.00,17.89,11.11,63.98,51.39,0.00,10267.00,11737.00,22418.75,0.54,0.00,0.00,,,,,
2024-12-04,7,Wednesday,0.00,27.61,10.17,63.98,51.39,0.00,10677.00,11737.00,22418.75,0.52,25.12,1.00,,,,,
2024-12-04,8,Wednesday,0.00,53.88,11.34,63.98,51.39,1.00,11136.00,11737.00,22418.75,0.50,37.98,1.00,,,,,
2024-12-04,9,Wednesday,0.00,52.77,12.31,63.98,51.39,1.00,11269.00,11737.00,22418.75,0.50,47.95,1.00,,,,,
2024-12-04,10,Wednesday,0.00,63.98,14.24,63.98,51.39,1.00,11289.00,11737.00,22418.75,0.50,18.98,1.00,,,,,
2024-12-04,11,Wednesday,0.00,43.54,14.24,63.98,51.39,0.00,11363.00,11737.00,22418.75,0.49,17.24,1.00,,,,,
2024-12-04,12,Wednesday,0.00,39.82,13.68,54.09,51.39,0.00,11364.00,11737.00,22418.75,0.49,0.00,0.00,,,,,
2024-12-04,13,Wednesday,0.00,25.44,13.48,54.09,51.39,0.00,11325.00,11737.00,22418.75,0.49,0.00,0.00,,,,,
2024-12-04,14,Wednesday,0.00,22.33,13.37,54.09,51.39,0.00,11364.00,11737.00,22418.75,0.49,0.00,0.00,,,,,
2024-12-04,15,Wednesday,0.00,18.61,13.43,54.09,51.39,0.00,11345.00,11737.00,22418.75,0.49,0.00,0.00,,,,,
2024-12-04,16,Wednesday,0.00,19.36,13.51,54.09,51.39,0.00,11353.00,11737.00,22418.75,0.49,5.05,1.00,,,,,
2024-12-04,17,Wednesday,0.00,32.57,13.40,54.09,51.39,0.00,11615.00,11737.00,22418.75,0.48,0.00,0.00,,,,,
2024-12-04,18,Wednesday,0.00,34.84,13.33,54.09,51.39,0.00,11737.00,11737.00,22418.75,0.48,0.00,0.00,,,,,
2024-12-04,19,Wednesday,0.00,25.59,13.36,54.09,51.39,0.00,11562.00,11737.00,22418.75,0.48,0.00,0.00,,,,,
2024-12-04,20,Wednesday,0.00,27.15,13.24,54.09,51.39,0.00,11431.00,11737.00,22418.75,0.49,24.64,1.00,,,,,
2024-12-04,21,Wednesday,0.00,39.97,13.27,54.09,51.39,0.00,11319.00,11737.00,22418.75,0.50,0.00,0.00,,,,,
2024-12-04,22,Wednesday,0.00,23.97,13.18,54.09,51.39,0.00,10995.00,11737.00,22418.75,0.51,24.55,1.00,,,,,
2024-12-04,23,Wednesday,0.00,35.65,13.19,54.09,51.39,0.00,10721.00,11737.00,22418.75,0.52,0.00,0.00,,,,,
2024-12-04,24,Wednesday,0.00,18.96,13.34,54.09,51.39,0.00,10456.00,11737.00,22418.75,0.53,0.00,0.00,,,,,
2024-12-05,1,Thursday,0.00,17.74,13.41,54.09,51.39,0.00,10256.00,11419.00,22418.75,0.54,0.00,0.00,,,,,
2024-12-05,2,Thursday,0.00,16.15,13.18,54.09,51.39,0.00,10181.00,11419.00,22418.75,0.55,0.00,0.00,,,,,
2024-12-05,3,Thursday,0.00,15.02,13.26,54.09,51.39,0.00,10036.00,11419.00,22418.75,0.55,0.00,0.00,,,,,
2024-12-05,4,Thursday,0.00,14.45,13.38,54.09,51.39,0.00,10012.00,11419.00,22418.75,0.55,0.00,0.00,,,,,
2024-12-05,5,Thursday,0.00,16.94,13.41,54.09,51.39,0.00,10016.00,11419.00,22418.75,0.55,0.00,0.00,,,,,
2024-12-05,6,Thursday,0.00,20.61,13.32,54.09,51.39,0.00,10173.00,11419.00,22418.75,0.55,0.00,0.00,,,,,
2024-12-05,7,Thursday,0.00,26.51,13.33,54.09,51.39,0.00,10585.00,11419.00,22418.75,0.53,0.00,0.00,,,,,
2024-12-05,8,Thursday,0.00,20.82,12.41,54.09,51.39,0.00,10992.00,11419.00,22418.75,0.51,0.00,0.00,,,,,
2024-12-05,9,Thursday,0.00,26.64,11.28,54.09,51.39,0.00,11116.00,11419.00,22418.75,0.50,0.00,0.00,,,,,
2024-12-05,10,Thursday,0.00,19.44,8.31,54.09,51.39,0.00,11185.00,11419.00,22418.75,0.50,0.00,0.00,,,,,
2024-12-05,11,Thursday,0.00,16.47,7.53,54.09,51.39,0.00,11140.00,11419.00,22418.75,0.50,0.00,0.00,,,,,
2024-12-05,12,Thursday,0.00,19.71,6.80,41.77,51.39,0.00,11115.00,11419.00,22418.75,0.50,0.00,0.00,,,,,
2024-12-05,13,Thursday,0.00,25.05,6.80,41.77,51.39,0.00,10953.00,11419.00,22418.75,0.51,0.00,0.00,,,,,
2024-12-05,14,Thursday,0.00,25.15,6.80,41.77,51.39,0.00,10940.00,11419.00,22418.75,0.51,0.00,0.00,,,,,
2024-12-05,15,Thursday,0.00,22.46,6.74,41.77,51.39,0.00,10943.00,11419.00,22418.75,0.51,18.93,1.00,,,,,
2024-12-05,16,Thursday,0.00,35.66,7.11,41.77,51.39,0.00,11014.00,11419.00,22418.75,0.51,26.58,1.00,,,,,
2024-12-05,17,Thursday,0.00,54.09,9.18,41.77,51.39,1.00,11247.00,11419.00,22418.75,0.50,0.00,0.00,,,,,
2024-12-05,18,Thursday,0.00,40.15,9.48,41.77,51.39,0.00,11419.00,11419.00,22418.75,0.49,0.00,0.00,,,,,
2024-12-05,19,Thursday,0.00,31.79,9.57,41.77,51.39,0.00,11264.00,11419.00,22418.75,0.50,0.00,0.00,,,,,
2024-12-05,20,Thursday,0.00,25.93,9.56,41.77,51.39,0.00,11170.00,11419.00,22418.75,0.50,0.00,0.00,,,,,
2024-12-05,21,Thursday,0.00,27.98,9.09,41.77,51.39,0.00,11084.00,11419.00,22418.75,0.51,0.00,0.00,,,,,
2024-12-05,22,Thursday,0.00,18.01,9.19,41.77,51.39,0.00,10890.00,11419.00,22418.75,0.51,0.00,0.00,,,,,
2024-12-05,23,Thursday,0.00,14.50,9.11,41.77,51.39,0.00,10602.00,11419.00,22418.75,0.53,0.00,0.00,,,,,
2024-12-05,24,Thursday,0.00,15.31,9.22,41.77,51.39,0.00,10293.00,11419.00,22418.75,0.54,13.79,1.00,,,,,
2024-12-06,1,Friday,0.00,17.33,9.23,41.77,51.39,0.00,10100.00,11317.00,22438.75,0.55,13.79,1.00,,,,,
2024-12-06,2,Friday,0.00,16.81,9.21,41.77,51.39,0.00,10026.00,11317.00,22438.75,0.55,16.15,1.00,,,,,
2024-12-06,3,Friday,0.00,17.25,9.13,41.77,51.39,0.00,9923.00,11317.00,22438.75,0.56,0.00,0.00,,,,,
2024-12-06,4,Friday,0.00,18.19,9.00,41.77,51.39,0.00,9857.00,11317.00,22438.75,0.56,22.04,1.00,,,,,
2024-12-06,5,Friday,0.00,22.22,8.89,41.77,51.39,0.00,9869.00,11317.00,22438.75,0.56,28.96,1.00,,,,,
2024-12-06,6,Friday,0.00,30.49,8.95,41.77,51.39,0.00,9991.00,11317.00,22438.75,0.55,21.35,1.00,,,,,
2024-12-06,7,Friday,0.00,25.06,8.94,41.77,51.39,0.00,10357.00,11317.00,22438.75,0.54,18.42,1.00,,,,,
2024-12-06,8,Friday,0.00,23.10,8.92,41.77,51.39,0.00,10837.00,11317.00,22438.75,0.52,14.93,1.00,,,,,
2024-12-06,9,Friday,0.00,24.46,8.90,41.77,51.39,0.00,11010.00,11317.00,22438.75,0.51,10.52,1.00,,,,,
2024-12-06,10,Friday,0.00,23.09,8.85,41.77,51.39,0.00,11019.00,11317.00,22438.75,0.51,0.00,0.00,,,,,
2024-12-06,11,Friday,0.00,17.45,8.81,41.77,51.39,0.00,11070.00,11317.00,22438.75,0.51,0.00,0.00,,,,,
2024-12-06,12,Friday,0.00,18.18,8.85,44.25,51.39,0.00,11128.00,11317.00,22438.75,0.50,10.40,1.00,,,,,
2024-12-06,13,Friday,0.00,20.22,8.90,44.25,51.39,0.00,11103.00,11317.00,22438.75,0.51,0.00,0.00,,,,,
2024-12-06,14,Friday,0.00,22.25,8.90,44.25,51.39,0.00,11093.00,11317.00,22438.75,0.51,0.00,0.00,,,,,
2024-12-06,15,Friday,0.00,22.92,8.90,44.25,51.39,0.00,11026.00,11317.00,22438.75,0.51,0.00,0.00,,,,,
2024-12-06,16,Friday,0.00,21.65,8.59,44.25,51.39,0.00,11022.00,11317.00,22438.75,0.51,0.00,0.00,,,,,
2024-12-06,17,Friday,0.00,21.13,5.80,44.25,51.39,0.00,11226.00,11317.00,22438.75,0.50,0.00,0.00,,,,,
2024-12-06,18,Friday,0.00,24.54,4.49,44.25,51.39,0.00,11317.00,11317.00,22438.75,0.50,0.00,0.00,,,,,
2024-12-06,19,Friday,0.00,24.48,4.01,44.25,51.39,0.00,11172.00,11317.00,22438.75,0.50,0.00,0.00,,,,,
2024-12-06,20,Friday,0.00,25.92,4.01,44.25,51.39,0.00,10965.00,11317.00,22438.75,0.51,25.39,1.00,,,,,
2024-12-06,21,Friday,0.00,37.08,4.94,44.25,51.39,0.00,10837.00,11317.00,22438.75,0.52,28.57,1.00,,,,,
2024-12-06,22,Friday,0.00,41.77,6.29,44.25,51.39,0.00,10674.00,11317.00,22438.75,0.52,0.00,0.00,,,,,
2024-12-06,23,Friday,0.00,23.80,6.06,44.25,51.39,0.00,10455.00,11317.00,22438.75,0.53,0.00,0.00,,,,,
2024-12-06,24,Friday,1.00,21.29,5.85,44.25,51.39,0.00,10235.00,11317.00,22438.75,0.54,23.20,1.00,,,,,
2024-12-07,1,Saturday,1.00,19.00,5.79,44.25,51.39,0.00,10055.00,11179.00,22438.75,0.55,20.66,1.00,,,,,
2024-12-07,2,Saturday,1.00,17.48,5.76,44.25,51.39,0.00,9900.00,11179.00,22438.75,0.56,29.20,1.00,,,,,
2024-12-07,3,Saturday,1.00,17.31,5.75,44.25,51.39,0.00,9783.00,11179.00,22438.75,0.56,18.82,1.00,,,,,
2024-12-07,4,Saturday,1.00,15.15,5.90,44.25,51.39,0.00,9753.00,11179.00,22438.75,0.57,0.00,0.00,,,,,
2024-12-07,5,Saturday,1.00,6.34,6.81,44.25,51.39,0.00,9726.00,11179.00,22438.75,0.57,0.00,0.00,,,,,
2024-12-07,6,Saturday,1.00,6.44,7.33,44.25,51.39,0.00,9786.00,11179.00,22438.75,0.56,18.32,1.00,,,,,
2024-12-07,7,Saturday,1.00,14.20,7.45,44.25,51.39,0.00,9955.00,11179.00,22438.75,0.56,14.20,1.00,,,,,
2024-12-07,8,Saturday,1.00,15.16,7.53,44.25,51.39,0.00,10187.00,11179.00,22438.75,0.55,24.49,1.00,,,,,
2024-12-07,9,Saturday,1.00,29.12,7.68,44.25,51.39,0.00,10386.00,11179.00,22438.75,0.54,0.00,0.00,,,,,
2024-12-07,10,Saturday,1.00,26.98,7.76,44.25,51.39,0.00,10510.00,11179.00,22438.75,0.53,53.67,1.00,,,,,
2024-12-07,11,Saturday,1.00,44.25,8.97,44.25,51.39,0.00,10647.00,11179.00,22438.75,0.53,27.51,1.00,,,,,
2024-12-07,12,Saturday,1.00,29.72,9.04,32.99,51.39,0.00,10709.00,11179.00,22438.75,0.52,0.00,0.00,,,,,
2024-12-07,13,Saturday,1.00,18.66,9.06,32.99,51.39,0.00,10683.00,11179.00,22438.75,0.52,11.68,1.00,,,,,
2024-12-07,14,Saturday,1.00,15.05,9.20,32.99,51.39,0.00,10624.00,11179.00,22438.75,0.53,0.00,0.00,,,,,
2024-12-07,15,Saturday,1.00,15.91,9.29,32.99,51.39,0.00,10615.00,11179.00,22438.75,0.53,7.63,1.00,,,,,
2024-12-07,16,Saturday,1.00,17.47,9.33,32.99,51.39,0.00,10740.00,11179.00,22438.75,0.52,0.00,0.00,,,,,
2024-12-07,17,Saturday,1.00,27.76,9.40,32.99,51.39,0.00,11056.00,11179.00,22438.75,0.51,0.00,0.00,,,,,
2024-12-07,18,Saturday,1.00,23.53,9.39,32.99,51.39,0.00,11179.00,11179.00,22438.75,0.50,4.65,1.00,,,,,
2024-12-07,19,Saturday,1.00,14.72,9.50,32.99,51.39,0.00,11036.00,11179.00,22438.75,0.51,4.65,1.00,,,,,
2024-12-07,20,Saturday,1.00,13.44,9.60,32.99,51.39,0.00,10797.00,11179.00,22438.75,0.52,20.29,1.00,,,,,
2024-12-07,21,Saturday,1.00,22.35,9.03,32.99,51.39,0.00,10671.00,11179.00,22438.75,0.52,28.75,1.00,,,,,
2024-12-07,22,Saturday,1.00,18.52,7.89,32.99,51.39,0.00,10511.00,11179.00,22438.75,0.53,0.00,0.00,,,,,
2024-12-07,23,Saturday,1.00,4.80,8.38,32.99,51.39,0.00,10265.00,11179.00,22438.75,0.54,0.00,0.00,,,,,
2024-12-07,24,Saturday,1.00,0.00,9.18,32.99,51.39,0.00,10082.00,11179.00,22438.75,0.55,0.00,0.00,,,,,
2024-12-08,1,Sunday,1.00,0.00,9.86,32.99,51.39,0.00,9899.00,11547.00,22438.75,0.56,0.00,0.00,,,,,
2024-12-08,2,Sunday,1.00,0.00,10.44,32.99,51.39,0.00,9816.00,11547.00,22438.75,0.56,0.00,0.00,,,,,
2024-12-08,3,Sunday,1.00,0.00,10.95,32.99,51.39,0.00,9719.00,11547.00,22438.75,0.57,0.00,0.00,,,,,
2024-12-08,4,Sunday,1.00,0.00,11.40,32.99,51.39,0.00,9738.00,11547.00,22438.75,0.57,0.00,0.00,,,,,
2024-12-08,5,Sunday,1.00,0.00,11.67,32.99,51.39,0.00,9707.00,11547.00,22438.75,0.57,0.00,0.00,,,,,
2024-12-08,6,Sunday,1.00,0.00,11.93,32.99,51.39,0.00,9795.00,11547.00,22438.75,0.56,0.00,0.00,,,,,
2024-12-08,7,Sunday,1.00,0.00,12.29,32.99,51.39,0.00,9944.00,11547.00,22438.75,0.56,0.00,0.00,,,,,
2024-12-08,8,Sunday,1.00,0.00,12.60,32.99,51.39,0.00,10165.00,11547.00,22438.75,0.55,0.00,0.00,,,,,
2024-12-08,9,Sunday,1.00,0.00,12.43,32.99,51.39,0.00,10449.00,11547.00,22438.75,0.53,0.00,0.00,,,,,
2024-12-08,10,Sunday,1.00,0.00,12.26,32.99,51.39,0.00,10641.00,11547.00,22438.75,0.53,0.00,0.00,,,,,
2024-12-08,11,Sunday,1.00,0.00,10.31,32.99,51.39,0.00,10858.00,11547.00,22438.75,0.52,0.00,0.00,,,,,
2024-12-08,12,Sunday,1.00,0.01,9.53,51.13,51.39,0.00,11047.00,11547.00,22438.75,0.51,0.00,0.00,,,,,
2024-12-08,13,Sunday,1.00,0.01,9.39,51.13,51.39,0.00,11078.00,11547.00,22438.75,0.51,0.00,0.00,,,,,
2024-12-08,14,Sunday,1.00,8.08,9.25,51.13,51.39,0.00,11013.00,11547.00,22438.75,0.51,0.00,0.00,,,,,
2024-12-08,15,Sunday,1.00,12.13,9.13,51.13,51.39,0.00,11015.00,11547.00,22438.75,0.51,0.00,0.00,,,,,
2024-12-08,16,Sunday,1.00,14.37,9.00,51.13,51.39,0.00,11061.00,11547.00,22438.75,0.51,0.00,0.00,,,,,
2024-12-08,17,Sunday,1.00,21.57,8.46,51.13,51.39,0.00,11336.00,11547.00,22438.75,0.49,12.82,1.00,,,,,
2024-12-08,18,Sunday,1.00,32.99,9.42,51.13,51.39,0.00,11547.00,11547.00,22438.75,0.49,0.00,0.00,,,,,
2024-12-08,19,Sunday,1.00,17.76,9.54,51.13,51.39,0.00,11399.00,11547.00,22438.75,0.49,0.00,0.00,,,,,
2024-12-08,20,Sunday,1.00,14.11,9.56,51.13,51.39,0.00,11255.00,11547.00,22438.75,0.50,0.00,0.00,,,,,
2024-12-08,21,Sunday,1.00,16.76,9.25,51.13,51.39,0.00,11095.00,11547.00,22438.75,0.51,0.00,0.00,,,,,
2024-12-08,22,Sunday,1.00,22.92,9.52,51.13,51.39,0.00,10865.00,11547.00,22438.75,0.52,0.00,0.00,,,,,
2024-12-08,23,Sunday,1.00,24.16,10.11,51.13,51.39,0.00,10522.00,11547.00,22438.75,0.53,0.00,0.00,,,,,
2024-12-08,24,Sunday,0.00,30.53,10.95,51.13,51.39,0.00,10253.00,11547.00,22438.75,0.54,21.05,1.00,,,,,
2024-12-09,1,Monday,0.00,40.26,12.43,51.13,51.39,0.00,10045.00,11611.00,22438.75,0.55,22.56,1.00,,,,,
2024-12-09,2,Monday,0.00,39.22,13.46,51.13,51.39,0.00,9896.00,11611.00,22438.75,0.56,11.93,1.00,,,,,
2024-12-09,3,Monday,0.00,34.91,13.93,51.13,51.39,0.00,9833.00,11611.00,22438.75,0.56,12.76,1.00,,,,,
2024-12-09,4,Monday,0.00,35.70,14.28,51.13,51.39,0.00,9809.00,11611.00,22438.75,0.56,9.77,1.00,,,,,
2024-12-09,5,Monday,0.00,33.96,14.38,51.13,51.39,0.00,9857.00,11611.00,22438.75,0.56,9.77,1.00,,,,,
2024-12-09,6,Monday,0.00,34.37,14.37,51.13,51.39,0.00,10024.00,11611.00,22438.75,0.55,42.11,1.00,,,,,
2024-12-09,7,Monday,0.00,51.13,15.29,51.13,51.39,0.00,10496.00,11611.00,22438.75,0.53,20.49,1.00,,,,,
2024-12-09,8,Monday,0.00,42.15,15.29,51.13,51.39,0.00,10914.00,11611.00,22438.75,0.51,23.52,1.00,,,,,
2024-12-09,9,Monday,0.00,42.02,15.08,51.13,51.39,0.00,11040.00,11611.00,22438.75,0.51,0.00,0.00,,,,,
2024-12-09,10,Monday,0.00,29.46,14.28,51.13,51.39,0.00,11014.00,11611.00,22438.75,0.51,0.00,0.00,,,,,
2024-12-09,11,Monday,0.00,20.37,13.34,51.13,51.39,0.00,11078.00,11611.00,22438.75,0.51,0.00,0.00,,,,,
2024-12-09,12,Monday,0.00,13.63,12.50,215.77,51.39,0.00,11090.00,11611.00,22438.75,0.51,0.00,0.00,,,,,
2024-12-09,13,Monday,0.00,8.97,11.82,215.77,51.39,0.00,11054.00,11611.00,22438.75,0.51,0.00,0.00,,,,,
2024-12-09,14,Monday,0.00,11.96,11.59,215.77,51.39,0.00,11061.00,11611.00,22438.75,0.51,0.00,0.00,,,,,
2024-12-09,15,Monday,0.00,8.25,11.82,215.77,51.39,0.00,11127.00,11611.00,22438.75,0.50,0.00,0.00,,,,,
2024-12-09,16,Monday,0.00,11.59,11.95,215.77,51.39,0.00,11256.00,11611.00,22438.75,0.50,0.00,0.00,,,,,
2024-12-09,17,Monday,0.00,15.56,12.12,215.77,51.39,0.00,11537.00,11611.00,22438.75,0.49,0.00,0.00,,,,,
2024-12-09,18,Monday,0.00,17.19,12.17,215.77,51.39,0.00,11611.00,11611.00,22438.75,0.48,0.00,0.00,,,,,
2024-12-09,19,Monday,0.00,15.63,12.23,215.77,51.39,0.00,11501.00,11611.00,22438.75,0.49,0.00,0.00,,,,,
2024-12-09,20,Monday,0.00,7.27,12.57,215.77,51.39,0.00,11349.00,11611.00,22438.75,0.49,0.00,0.00,,,,,
2024-12-09,21,Monday,0.00,2.86,13.26,215.77,51.39,0.00,11188.00,11611.00,22438.75,0.50,0.00,0.00,,,,,
2024-12-09,22,Monday,0.00,6.26,13.76,215.77,51.39,0.00,10994.00,11611.00,22438.75,0.51,0.00,0.00,,,,,
2024-12-09,23,Monday,0.00,2.75,14.40,215.77,51.39,0.00,10719.00,11611.00,22438.75,0.52,0.00,0.00,,,,,
2024-12-09,24,Monday,0.00,0.19,15.02,215.77,51.39,0.00,10421.00,11611.00,22438.75,0.54,0.00,0.00,,,,,
2024-12-10,1,Tuesday,0.00,2.24,15.01,215.77,51.39,0.00,10159.00,11609.00,22438.75,0.55,0.00,0.00,,,,,
2024-12-10,2,Tuesday,0.00,4.74,14.78,215.77,51.39,0.00,10020.00,11609.00,22438.75,0.55,0.00,0.00,,,,,
2024-12-10,3,Tuesday,0.00,5.89,14.60,215.77,51.39,0.00,9943.00,11609.00,22438.75,0.56,0.00,0.00,,,,,
2024-12-10,4,Tuesday,0.00,10.04,14.17,215.77,51.39,0.00,9870.00,11609.00,22438.75,0.56,0.00,0.00,,,,,
2024-12-10,5,Tuesday,0.00,9.04,13.77,215.77,51.39,0.00,9895.00,11609.00,22438.75,0.56,0.00,0.00,,,,,
2024-12-10,6,Tuesday,0.00,11.40,13.22,215.77,51.39,0.00,10062.00,11609.00,22438.75,0.55,0.00,0.00,,,,,
2024-12-10,7,Tuesday,0.00,22.06,10.96,215.77,51.39,0.00,10500.00,11609.00,22438.75,0.53,0.00,0.00,,,,,
2024-12-10,8,Tuesday,0.00,27.73,9.68,215.77,51.39,0.00,10989.00,11609.00,22438.75,0.51,13.26,1.00,,,,,
2024-12-10,9,Tuesday,0.00,40.29,9.47,215.77,51.39,0.00,11178.00,11609.00,22438.75,0.50,13.13,1.00,,,,,
2024-12-10,10,Tuesday,0.00,40.48,10.48,215.77,51.39,0.00,11140.00,11609.00,22438.75,0.50,14.55,1.00,,,,,
2024-12-10,11,Tuesday,0.00,40.92,11.79,215.77,51.39,0.00,11151.00,11609.00,22438.75,0.50,12.19,1.00,,,,,
2024-12-10,12,Tuesday,0.00,38.28,12.75,44.51,51.39,0.00,11170.00,11609.00,22438.75,0.50,14.69,1.00,,,,,
2024-12-10,13,Tuesday,0.00,37.64,13.44,44.51,51.39,0.00,11163.00,11609.00,22438.75,0.50,14.69,1.00,,,,,
2024-12-10,14,Tuesday,0.00,37.64,14.07,44.51,51.39,0.00,11168.00,11609.00,22438.75,0.50,12.07,1.00,,,,,
2024-12-10,15,Tuesday,0.00,39.76,14.62,44.51,51.39,0.00,11203.00,11609.00,22438.75,0.50,14.57,1.00,,,,,
2024-12-10,16,Tuesday,0.00,43.92,15.38,44.51,51.39,0.00,11296.00,11609.00,22438.75,0.50,80.65,1.00,,,,,
2024-12-10,17,Tuesday,0.00,215.77,41.99,44.51,51.39,1.00,11520.00,11609.00,22438.75,0.49,80.65,1.00,,,,,
2024-12-10,18,Tuesday,0.00,183.22,52.05,44.51,51.39,1.00,11609.00,11609.00,22438.75,0.48,18.05,1.00,,,,,
2024-12-10,19,Tuesday,0.00,42.82,51.91,44.51,51.39,0.00,11484.00,11609.00,22438.75,0.49,12.07,1.00,,,,,
2024-12-10,20,Tuesday,0.00,40.28,51.56,44.51,51.39,0.00,11417.00,11609.00,22438.75,0.49,14.69,1.00,,,,,
2024-12-10,21,Tuesday,0.00,39.30,51.04,44.51,51.39,0.00,11245.00,11609.00,22438.75,0.50,12.85,1.00,,,,,
2024-12-10,22,Tuesday,0.00,36.27,50.58,44.51,51.39,0.00,11001.00,11609.00,22438.75,0.51,0.00,0.00,,,,,
2024-12-10,23,Tuesday,0.00,23.07,50.11,44.51,51.39,0.00,10765.00,11609.00,22438.75,0.52,0.00,0.00,,,,,
2024-12-10,24,Tuesday,0.00,21.94,49.55,44.51,51.39,0.00,10485.00,11609.00,22438.75,0.53,0.00,0.00,,,,,
2024-12-11,1,Wednesday,0.00,23.28,49.02,44.51,51.39,0.00,10279.00,11671.00,22438.75,0.54,0.00,0.00,,,,,
2024-12-11,2,Wednesday,0.00,23.50,48.55,44.51,51.39,0.00,10162.00,11671.00,22438.75,0.55,0.00,0.00,,,,,
2024-12-11,3,Wednesday,0.00,23.50,48.10,44.51,51.39,0.00,10057.00,11671.00,22438.75,0.55,0.00,0.00,,,,,
2024-12-11,4,Wednesday,0.00,25.67,47.73,44.51,51.39,0.00,10046.00,11671.00,22438.75,0.55,0.00,0.00,,,,,
2024-12-11,5,Wednesday,0.00,30.17,47.24,44.51,51.39,0.00,10136.00,11671.00,22438.75,0.55,7.93,1.00,,,,,
2024-12-11,6,Wednesday,0.00,34.50,46.76,44.51,51.39,0.00,10248.00,11671.00,22438.75,0.54,0.00,0.00,,,,,
2024-12-11,7,Wednesday,0.00,29.28,46.62,44.51,51.39,0.00,10570.00,11671.00,22438.75,0.53,7.64,1.00,,,,,
2024-12-11,8,Wednesday,0.00,38.52,46.48,44.51,51.39,0.00,10942.00,11671.00,22438.75,0.51,16.49,1.00,,,,,
2024-12-11,9,Wednesday,0.00,41.35,46.47,44.51,51.39,0.00,11105.00,11671.00,22438.75,0.51,9.05,1.00,,,,,
2024-12-11,10,Wednesday,0.00,37.34,46.50,44.51,51.39,0.00,11095.00,11671.00,22438.75,0.51,12.86,1.00,,,,,
2024-12-11,11,Wednesday,0.00,36.79,46.53,44.51,51.39,0.00,11166.00,11671.00,22438.75,0.50,6.20,1.00,,,,,
2024-12-11,12,Wednesday,0.00,35.14,46.56,51.43,51.39,0.00,11243.00,11671.00,22438.75,0.50,6.20,1.00,,,,,
2024-12-11,13,Wednesday,0.00,34.96,46.59,51.43,51.39,0.00,11273.00,11671.00,22438.75,0.50,0.00,0.00,,,,,
2024-12-11,14,Wednesday,0.00,28.87,46.69,51.43,51.39,0.00,11242.00,11671.00,22438.75,0.50,0.00,0.00,,,,,
2024-12-11,15,Wednesday,0.00,30.29,46.79,51.43,51.39,0.00,11299.00,11671.00,22438.75,0.50,11.86,1.00,,,,,
2024-12-11,16,Wednesday,0.00,37.90,46.82,51.43,51.39,0.00,11375.00,11671.00,22438.75,0.49,7.64,1.00,,,,,
2024-12-11,17,Wednesday,0.00,41.47,30.75,51.43,51.39,0.00,11631.00,11671.00,22438.75,0.48,9.50,1.00,,,,,
2024-12-11,18,Wednesday,0.00,40.27,6.73,51.43,51.39,0.00,11671.00,11671.00,22438.75,0.48,0.00,0.00,,,,,
2024-12-11,19,Wednesday,0.00,36.77,6.47,51.43,51.39,0.00,11483.00,11671.00,22438.75,0.49,10.69,1.00,,,,,
2024-12-11,20,Wednesday,0.00,40.49,6.48,51.43,51.39,0.00,11477.00,11671.00,22438.75,0.49,16.50,1.00,,,,,
2024-12-11,21,Wednesday,0.00,44.51,6.77,51.43,51.39,0.00,11352.00,11671.00,22438.75,0.49,12.84,1.00,,,,,
2024-12-11,22,Wednesday,0.00,41.78,6.97,51.43,51.39,0.00,11121.00,11671.00,22438.75,0.50,12.98,1.00,,,,,
2024-12-11,23,Wednesday,0.00,37.79,6.67,51.43,51.39,0.00,10835.00,11671.00,22438.75,0.52,12.96,1.00,,,,,
2024-12-11,24,Wednesday,0.00,37.59,6.21,51.43,51.39,0.00,10573.00,11671.00,22438.75,0.53,26.61,1.00,,,,,
2024-12-12,1,Thursday,0.00,42.84,5.94,51.43,51.39,0.00,10390.00,11673.00,22438.75,0.54,30.06,1.00,,,,,
2024-12-12,2,Thursday,0.00,51.43,6.21,51.43,51.39,1.00,10293.00,11673.00,22438.75,0.54,30.50,1.00,,,,,
2024-12-12,3,Thursday,0.00,46.66,5.89,51.43,51.39,0.00,10217.00,11673.00,22438.75,0.54,0.00,0.00,,,,,
2024-12-12,4,Thursday,0.00,28.27,5.69,51.43,51.39,0.00,10182.00,11673.00,22438.75,0.55,0.00,0.00,,,,,
2024-12-12,5,Thursday,0.00,23.03,6.23,51.43,51.39,0.00,10232.00,11673.00,22438.75,0.54,19.88,1.00,,,,,
2024-12-12,6,Thursday,0.00,36.07,6.21,51.43,51.39,0.00,10424.00,11673.00,22438.75,0.54,21.41,1.00,,,,,
2024-12-12,7,Thursday,0.00,41.71,6.02,51.43,51.39,0.00,10850.00,11673.00,22438.75,0.52,20.94,1.00,,,,,
2024-12-12,8,Thursday,0.00,44.24,6.15,51.43,51.39,0.00,11338.00,11673.00,22438.75,0.49,23.75,1.00,,,,,
2024-12-12,9,Thursday,0.00,44.89,6.26,51.43,51.39,0.00,11538.00,11673.00,22438.75,0.49,12.66,1.00,,,,,
2024-12-12,10,Thursday,0.00,37.53,6.26,51.43,51.39,0.00,11519.00,11673.00,22438.75,0.49,0.00,0.00,,,,,
2024-12-12,11,Thursday,0.00,21.59,7.10,51.43,51.39,0.00,11518.00,11673.00,22438.75,0.49,0.00,0.00,,,,,
2024-12-12,12,Thursday,0.00,25.24,7.52,38.79,51.39,0.00,11507.00,11673.00,22438.75,0.49,0.00,0.00,,,,,
2024-12-12,13,Thursday,0.00,18.01,8.45,38.79,51.39,0.00,11452.00,11673.00,22438.75,0.49,0.00,0.00,,,,,
2024-12-12,14,Thursday,0.00,18.17,9.10,38.79,51.39,0.00,11410.00,11673.00,22438.75,0.49,0.00,0.00,,,,,
2024-12-12,15,Thursday,0.00,17.63,9.77,38.79,51.39,0.00,11337.00,11673.00,22438.75,0.49,0.00,0.00,,,,,
2024-12-12,16,Thursday,0.00,20.07,10.24,38.79,51.39,0.00,11365.00,11673.00,22438.75,0.49,25.80,1.00,,,,,
2024-12-12,17,Thursday,0.00,41.07,10.23,38.79,51.39,0.00,11659.00,11673.00,22438.75,0.48,0.00,0.00,,,,,
2024-12-12,18,Thursday,0.00,29.45,10.22,38.79,51.39,0.00,11673.00,11673.00,22438.75,0.48,0.00,0.00,,,,,
2024-12-12,19,Thursday,0.00,21.10,10.55,38.79,51.39,0.00,11480.00,11673.00,22438.75,0.49,17.31,1.00,,,,,
2024-12-12,20,Thursday,0.00,34.72,10.46,38.79,51.39,0.00,11523.00,11673.00,22438.75,0.49,25.76,1.00,,,,,
2024-12-12,21,Thursday,0.00,42.47,10.38,38.79,51.39,0.00,11462.00,11673.00,22438.75,0.49,20.61,1.00,,,,,
2024-12-12,22,Thursday,0.00,39.87,10.32,38.79,51.39,0.00,11234.00,11673.00,22438.75,0.50,27.65,1.00,,,,,
2024-12-12,23,Thursday,0.00,32.81,10.28,38.79,51.39,0.00,10907.00,11673.00,22438.75,0.51,30.55,1.00,,,,,
2024-12-12,24,Thursday,0.00,28.83,10.27,38.79,51.39,0.00,10592.00,11673.00,22438.75,0.53,0.00,0.00,,,,,
2024-12-13,1,Friday,0.00,21.59,10.29,38.79,51.39,0.00,10371.00,11536.00,22443.66,0.54,6.96,1.00,,,,,
2024-12-13,2,Friday,0.00,21.65,9.64,38.79,51.39,0.00,10250.00,11536.00,22443.66,0.54,6.65,1.00,,,,,
2024-12-13,3,Friday,0.00,21.01,9.22,38.79,51.39,0.00,10157.00,11536.00,22443.66,0.55,12.33,1.00,,,,,
2024-12-13,4,Friday,0.00,20.35,9.40,38.79,51.39,0.00,10113.00,11536.00,22443.66,0.55,6.85,1.00,,,,,
2024-12-13,5,Friday,0.00,20.15,9.50,38.79,51.39,0.00,10155.00,11536.00,22443.66,0.55,18.32,1.00,,,,,
2024-12-13,6,Friday,0.00,23.64,9.45,38.79,51.39,0.00,10312.00,11536.00,22443.66,0.54,18.32,1.00,,,,,
2024-12-13,7,Friday,0.00,23.33,9.10,38.79,51.39,0.00,10674.00,11536.00,22443.66,0.52,15.23,1.00,,,,,
2024-12-13,8,Friday,0.00,25.24,8.44,38.79,51.39,0.00,11163.00,11536.00,22443.66,0.50,5.86,1.00,,,,,
2024-12-13,9,Friday,0.00,26.85,7.59,38.79,51.39,0.00,11343.00,11536.00,22443.66,0.49,8.56,1.00,,,,,
2024-12-13,10,Friday,0.00,24.27,7.23,38.79,51.39,0.00,11346.00,11536.00,22443.66,0.49,0.00,0.00,,,,,
2024-12-13,11,Friday,0.00,17.80,7.36,38.79,51.39,0.00,11346.00,11536.00,22443.66,0.49,0.00,0.00,,,,,
2024-12-13,12,Friday,0.00,17.87,7.52,24.62,51.39,0.00,11346.00,11536.00,22443.66,0.49,0.00,0.00,,,,,
2024-12-13,13,Friday,0.00,17.85,7.52,24.62,51.39,0.00,11237.00,11536.00,22443.66,0.50,0.00,0.00,,,,,
2024-12-13,14,Friday,0.00,19.22,7.49,24.62,51.39,0.00,11233.00,11536.00,22443.66,0.50,0.00,0.00,,,,,
2024-12-13,15,Friday,0.00,15.95,7.57,24.62,51.39,0.00,11179.00,11536.00,22443.66,0.50,7.29,1.00,,,,,
2024-12-13,16,Friday,0.00,20.97,7.54,24.62,51.39,0.00,11196.00,11536.00,22443.66,0.50,16.74,1.00,,,,,
2024-12-13,17,Friday,0.00,35.16,7.11,24.62,51.39,0.00,11424.00,11536.00,22443.66,0.49,23.78,1.00,,,,,
2024-12-13,18,Friday,0.00,38.79,7.58,24.62,51.39,0.00,11536.00,11536.00,22443.66,0.49,0.00,0.00,,,,,
2024-12-13,19,Friday,0.00,29.90,7.57,24.62,51.39,0.00,11377.00,11536.00,22443.66,0.49,7.64,1.00,,,,,
2024-12-13,20,Friday,0.00,24.84,7.34,24.62,51.39,0.00,11234.00,11536.00,22443.66,0.50,7.64,1.00,,,,,
2024-12-13,21,Friday,0.00,25.68,6.43,24.62,51.39,0.00,11182.00,11536.00,22443.66,0.50,9.48,1.00,,,,,
2024-12-13,22,Friday,0.00,24.75,5.60,24.62,51.39,0.00,10981.00,11536.00,22443.66,0.51,15.89,1.00,,,,,
2024-12-13,23,Friday,0.00,25.16,5.30,24.62,51.39,0.00,10720.00,11536.00,22443.66,0.52,30.97,1.00,,,,,
2024-12-13,24,Friday,1.00,28.96,5.31,24.62,51.39,0.00,10427.00,11536.00,22443.66,0.54,20.08,1.00,,,,,
2024-12-14,1,Saturday,1.00,24.62,5.29,24.62,51.39,0.00,10265.00,11472.00,22443.66,0.54,17.88,1.00,,,,,
2024-12-14,2,Saturday,1.00,19.35,5.35,24.62,51.39,0.00,10126.00,11472.00,22443.66,0.55,1.33,1.00,,,,,
2024-12-14,3,Saturday,1.00,19.27,5.40,24.62,51.39,0.00,10020.00,11472.00,22443.66,0.55,16.53,1.00,,,,,
2024-12-14,4,Saturday,1.00,18.59,5.46,24.62,51.39,0.00,10004.00,11472.00,22443.66,0.55,15.42,1.00,,,,,
2024-12-14,5,Saturday,1.00,17.39,5.56,24.62,51.39,0.00,10042.00,11472.00,22443.66,0.55,0.00,0.00,,,,,
2024-12-14,6,Saturday,1.00,13.32,5.92,24.62,51.39,0.00,10145.00,11472.00,22443.66,0.55,14.98,1.00,,,,,
2024-12-14,7,Saturday,1.00,16.66,6.06,24.62,51.39,0.00,10317.00,11472.00,22443.66,0.54,14.69,1.00,,,,,
2024-12-14,8,Saturday,1.00,15.14,6.23,24.62,51.39,0.00,10602.00,11472.00,22443.66,0.53,15.42,1.00,,,,,
2024-12-14,9,Saturday,1.00,17.45,6.24,24.62,51.39,0.00,10830.00,11472.00,22443.66,0.52,18.34,1.00,,,,,
2024-12-14,10,Saturday,1.00,19.86,6.23,24.62,51.39,0.00,10980.00,11472.00,22443.66,0.51,19.97,1.00,,,,,
2024-12-14,11,Saturday,1.00,17.87,6.23,24.62,51.39,0.00,11086.00,11472.00,22443.66,0.51,0.00,0.00,,,,,
2024-12-14,12,Saturday,1.00,11.25,6.54,41.05,51.39,0.00,11101.00,11472.00,22443.66,0.51,0.00,0.00,,,,,
2024-12-14,13,Saturday,1.00,2.30,7.57,41.05,51.39,0.00,11042.00,11472.00,22443.66,0.51,0.00,0.00,,,,,
2024-12-14,14,Saturday,1.00,0.00,8.65,41.05,51.39,0.00,10973.00,11472.00,22443.66,0.51,0.00,0.00,,,,,
2024-12-14,15,Saturday,1.00,0.00,9.51,41.05,51.39,0.00,10954.00,11472.00,22443.66,0.51,0.00,0.00,,,,,
2024-12-14,16,Saturday,1.00,0.00,10.27,41.05,51.39,0.00,11016.00,11472.00,22443.66,0.51,8.82,1.00,,,,,
2024-12-14,17,Saturday,1.00,10.27,9.79,41.05,51.39,0.00,11312.00,11472.00,22443.66,0.50,0.00,0.00,,,,,
2024-12-14,18,Saturday,1.00,17.21,8.73,41.05,51.39,0.00,11472.00,11472.00,22443.66,0.49,8.82,1.00,,,,,
2024-12-14,19,Saturday,1.00,16.22,8.28,41.05,51.39,0.00,11299.00,11472.00,22443.66,0.50,0.00,0.00,,,,,
2024-12-14,20,Saturday,1.00,14.13,8.09,41.05,51.39,0.00,11173.00,11472.00,22443.66,0.50,0.00,0.00,,,,,
2024-12-14,21,Saturday,1.00,10.96,7.86,41.05,51.39,0.00,11095.00,11472.00,22443.66,0.51,0.00,0.00,,,,,
2024-12-14,22,Saturday,1.00,2.11,7.99,41.05,51.39,0.00,10940.00,11472.00,22443.66,0.51,0.00,0.00,,,,,
2024-12-14,23,Saturday,1.00,0.00,8.12,41.05,51.39,0.00,10707.00,11472.00,22443.66,0.52,0.00,0.00,,,,,
2024-12-14,24,Saturday,1.00,0.00,7.81,41.05,51.39,0.00,10474.00,11472.00,22443.66,0.53,0.00,0.00,,,,,
2024-12-15,1,Sunday,1.00,0.00,7.68,41.05,51.39,0.00,10265.00,11634.00,22443.66,0.54,0.00,0.00,,,,,
2024-12-15,2,Sunday,1.00,0.00,7.75,41.05,51.39,0.00,10150.00,11634.00,22443.66,0.55,0.00,0.00,,,,,
2024-12-15,3,Sunday,1.00,0.00,7.75,41.05,51.39,0.00,10052.00,11634.00,22443.66,0.55,0.00,0.00,,,,,
2024-12-15,4,Sunday,1.00,0.00,7.70,41.05,51.39,0.00,10023.00,11634.00,22443.66,0.55,0.00,0.00,,,,,
2024-12-15,5,Sunday,1.00,0.00,7.64,41.05,51.39,0.00,10030.00,11634.00,22443.66,0.55,0.00,0.00,,,,,
2024-12-15,6,Sunday,1.00,0.00,7.70,41.05,51.39,0.00,10125.00,11634.00,22443.66,0.55,0.00,0.00,,,,,
2024-12-15,7,Sunday,1.00,0.00,7.56,41.05,51.39,0.00,10277.00,11634.00,22443.66,0.54,0.00,0.00,,,,,
2024-12-15,8,Sunday,1.00,5.19,7.34,41.05,51.39,0.00,10501.00,11634.00,22443.66,0.53,12.97,1.00,,,,,
2024-12-15,9,Sunday,1.00,16.64,7.29,41.05,51.39,0.00,10742.00,11634.00,22443.66,0.52,0.00,0.00,,,,,
2024-12-15,10,Sunday,1.00,18.26,7.17,41.05,51.39,0.00,10932.00,11634.00,22443.66,0.51,14.94,1.00,,,,,
2024-12-15,11,Sunday,1.00,23.28,7.61,41.05,51.39,0.00,11112.00,11634.00,22443.66,0.50,14.94,1.00,,,,,
2024-12-15,12,Sunday,1.00,22.19,8.20,92.94,51.39,0.00,11200.00,11634.00,22443.66,0.50,12.97,1.00,,,,,
2024-12-15,13,Sunday,1.00,18.33,8.47,92.94,51.39,0.00,11216.00,11634.00,22443.66,0.50,0.00,0.00,,,,,
2024-12-15,14,Sunday,1.00,8.57,8.34,92.94,51.39,0.00,11213.00,11634.00,22443.66,0.50,0.00,0.00,,,,,
2024-12-15,15,Sunday,1.00,17.23,8.39,92.94,51.39,0.00,11193.00,11634.00,22443.66,0.50,0.00,0.00,,,,,
2024-12-15,16,Sunday,1.00,23.37,8.72,92.94,51.39,0.00,11259.00,11634.00,22443.66,0.50,14.56,1.00,,,,,
2024-12-15,17,Sunday,1.00,31.58,9.79,92.94,51.39,0.00,11532.00,11634.00,22443.66,0.49,20.50,1.00,,,,,
2024-12-15,18,Sunday,1.00,39.95,11.39,92.94,51.39,0.00,11634.00,11634.00,22443.66,0.48,24.20,1.00,,,,,
2024-12-15,19,Sunday,1.00,41.05,12.83,92.94,51.39,0.00,11544.00,11634.00,22443.66,0.49,20.64,1.00,,,,,
2024-12-15,20,Sunday,1.00,40.02,13.99,92.94,51.39,0.00,11440.00,11634.00,22443.66,0.49,7.46,1.00,,,,,
2024-12-15,21,Sunday,1.00,32.49,14.49,92.94,51.39,0.00,11333.00,11634.00,22443.66,0.50,0.00,0.00,,,,,
2024-12-15,22,Sunday,1.00,25.07,14.42,92.94,51.39,0.00,11163.00,11634.00,22443.66,0.50,0.00,0.00,,,,,
2024-12-15,23,Sunday,1.00,26.89,14.25,92.94,51.39,0.00,10873.00,11634.00,22443.66,0.52,17.57,1.00,,,,,
2024-12-15,24,Sunday,0.00,35.95,14.35,92.94,51.39,0.00,10633.00,11634.00,22443.66,0.53,0.00,0.00,,,,,
2024-12-16,1,Monday,0.00,31.69,14.11,92.94,51.39,0.00,10433.00,12006.00,22443.66,0.54,10.72,1.00,,,,,
2024-12-16,2,Monday,0.00,24.62,13.57,92.94,51.39,0.00,10324.00,12006.00,22443.66,0.54,0.00,0.00,,,,,
2024-12-16,3,Monday,0.00,17.86,12.92,92.94,51.39,0.00,10240.00,12006.00,22443.66,0.54,0.00,0.00,,,,,
2024-12-16,4,Monday,0.00,17.66,12.20,92.94,51.39,0.00,10228.00,12006.00,22443.66,0.54,0.00,0.00,,,,,
2024-12-16,5,Monday,0.00,17.86,11.37,92.94,51.39,0.00,10271.00,12006.00,22443.66,0.54,0.00,0.00,,,,,
2024-12-16,6,Monday,0.00,29.70,10.46,92.94,51.39,0.00,10489.00,12006.00,22443.66,0.53,16.77,1.00,,,,,
2024-12-16,7,Monday,0.00,41.58,9.83,92.94,51.39,0.00,10852.00,12006.00,22443.66,0.52,17.07,1.00,,,,,
2024-12-16,8,Monday,0.00,44.75,9.64,92.94,51.39,0.00,11340.00,12006.00,22443.66,0.49,33.82,1.00,,,,,
2024-12-16,9,Monday,0.00,55.00,10.90,92.94,51.39,1.00,11563.00,12006.00,22443.66,0.48,20.85,1.00,,,,,
2024-12-16,10,Monday,0.00,49.95,11.48,92.94,51.39,0.00,11555.00,12006.00,22443.66,0.49,14.45,1.00,,,,,
2024-12-16,11,Monday,0.00,42.63,11.66,92.94,51.39,0.00,11571.00,12006.00,22443.66,0.48,13.85,1.00,,,,,
2024-12-16,12,Monday,0.00,43.99,11.82,147.51,51.39,0.00,11541.00,12006.00,22443.66,0.49,13.85,1.00,,,,,
2024-12-16,13,Monday,0.00,44.05,11.73,147.51,51.39,0.00,11524.00,12006.00,22443.66,0.49,33.58,1.00,,,,,
2024-12-16,14,Monday,0.00,56.58,11.55,147.51,51.39,1.00,11533.00,12006.00,22443.66,0.49,38.25,1.00,,,,,
2024-12-16,15,Monday,0.00,75.96,13.63,147.51,51.39,1.00,11537.00,12006.00,22443.66,0.49,49.57,1.00,,,,,
2024-12-16,16,Monday,0.00,92.94,17.31,147.51,51.39,1.00,11598.00,12006.00,22443.66,0.48,37.86,1.00,,,,,
2024-12-16,17,Monday,0.00,68.63,18.12,147.51,51.39,1.00,11858.00,12006.00,22443.66,0.47,49.57,1.00,,,,,
2024-12-16,18,Monday,0.00,72.75,19.16,147.51,51.39,1.00,12006.00,12006.00,22443.66,0.47,14.61,1.00,,,,,
2024-12-16,19,Monday,0.00,41.58,19.16,147.51,51.39,0.00,11801.00,12006.00,22443.66,0.47,13.65,1.00,,,,,
2024-12-16,20,Monday,0.00,44.47,19.15,147.51,51.39,0.00,11650.00,12006.00,22443.66,0.48,13.85,1.00,,,,,
2024-12-16,21,Monday,0.00,45.75,19.03,147.51,51.39,0.00,11581.00,12006.00,22443.66,0.48,33.58,1.00,,,,,
2024-12-16,22,Monday,0.00,54.89,18.74,147.51,51.39,1.00,11430.00,12006.00,22443.66,0.49,13.52,1.00,,,,,
2024-12-16,23,Monday,0.00,46.38,18.36,147.51,51.39,0.00,11083.00,12006.00,22443.66,0.51,13.87,1.00,,,,,
2024-12-16,24,Monday,0.00,42.16,18.27,147.51,51.39,0.00,10758.00,12006.00,22443.66,0.52,10.64,1.00,,,,,
2024-12-17,1,Tuesday,0.00,37.38,18.12,147.51,51.39,0.00,10588.00,12143.00,22443.66,0.53,0.00,0.00,,,,,
2024-12-17,2,Tuesday,0.00,29.45,17.90,147.51,51.39,0.00,10446.00,12143.00,22443.66,0.53,0.00,0.00,,,,,
2024-12-17,3,Tuesday,0.00,24.84,17.49,147.51,51.39,0.00,10380.00,12143.00,22443.66,0.54,0.00,0.00,,,,,
2024-12-17,4,Tuesday,0.00,23.98,17.09,147.51,51.39,0.00,10355.00,12143.00,22443.66,0.54,0.00,0.00,,,,,
2024-12-17,5,Tuesday,0.00,24.59,16.66,147.51,51.39,0.00,10375.00,12143.00,22443.66,0.54,0.00,0.00,,,,,
2024-12-17,6,Tuesday,0.00,25.67,16.85,147.51,51.39,0.00,10553.00,12143.00,22443.66,0.53,21.25,1.00,,,,,
2024-12-17,7,Tuesday,0.00,42.42,16.84,147.51,51.39,0.00,11020.00,12143.00,22443.66,0.51,13.55,1.00,,,,,
2024-12-17,8,Tuesday,0.00,40.80,16.89,147.51,51.39,0.00,11534.00,12143.00,22443.66,0.49,20.09,1.00,,,,,
2024-12-17,9,Tuesday,0.00,46.20,16.80,147.51,51.39,0.00,11756.00,12143.00,22443.66,0.48,20.60,1.00,,,,,
2024-12-17,10,Tuesday,0.00,44.89,16.79,147.51,51.39,0.00,11781.00,12143.00,22443.66,0.48,30.90,1.00,,,,,
2024-12-17,11,Tuesday,0.00,53.04,16.82,147.51,51.39,1.00,11768.00,12143.00,22443.66,0.48,30.90,1.00,,,,,
2024-12-17,12,Tuesday,0.00,62.46,17.10,34.18,51.39,1.00,11815.00,12143.00,22443.66,0.47,37.69,1.00,,,,,
2024-12-17,13,Tuesday,0.00,61.65,17.31,34.18,51.39,1.00,11788.00,12143.00,22443.66,0.47,49.78,1.00,,,,,
2024-12-17,14,Tuesday,0.00,75.67,18.09,34.18,51.39,1.00,11869.00,12143.00,22443.66,0.47,49.78,1.00,,,,,
2024-12-17,15,Tuesday,0.00,76.48,18.12,34.18,51.39,1.00,11906.00,12143.00,22443.66,0.47,64.51,1.00,,,,,
2024-12-17,16,Tuesday,0.00,95.07,18.34,34.18,51.39,1.00,11908.00,12143.00,22443.66,0.47,75.27,1.00,,,,,
2024-12-17,17,Tuesday,0.00,147.51,26.69,34.18,51.39,1.00,12119.00,12143.00,22443.66,0.46,68.41,1.00,,,,,
2024-12-17,18,Tuesday,0.00,116.48,29.37,34.18,51.39,1.00,12143.00,12143.00,22443.66,0.46,22.17,1.00,,,,,
2024-12-17,19,Tuesday,0.00,46.68,29.29,34.18,51.39,0.00,11971.00,12143.00,22443.66,0.47,2.84,1.00,,,,,
2024-12-17,20,Tuesday,0.00,36.33,29.46,34.18,51.39,0.00,11894.00,12143.00,22443.66,0.47,10.64,1.00,,,,,
2024-12-17,21,Tuesday,0.00,36.87,29.61,34.18,51.39,0.00,11780.00,12143.00,22443.66,0.48,4.65,1.00,,,,,
2024-12-17,22,Tuesday,0.00,35.44,29.84,34.18,51.39,0.00,11575.00,12143.00,22443.66,0.48,0.00,0.00,,,,,
2024-12-17,23,Tuesday,0.00,30.77,30.15,34.18,51.39,0.00,11294.00,12143.00,22443.66,0.50,0.00,0.00,,,,,
2024-12-17,24,Tuesday,0.00,19.21,30.81,34.18,51.39,0.00,10949.00,12143.00,22443.66,0.51,0.00,0.00,,,,,
2024-12-18,1,Wednesday,0.00,18.65,31.39,34.18,51.39,0.00,10776.00,12241.00,22635.66,0.52,0.00,0.00,,,,,
2024-12-18,2,Wednesday,0.00,16.72,31.85,34.18,51.39,0.00,10677.00,12241.00,22635.66,0.53,0.00,0.00,,,,,
2024-12-18,3,Wednesday,0.00,15.20,32.22,34.18,51.39,0.00,10636.00,12241.00,22635.66,0.53,0.00,0.00,,,,,
2024-12-18,4,Wednesday,0.00,15.22,32.56,34.18,51.39,0.00,10629.00,12241.00,22635.66,0.53,0.00,0.00,,,,,
2024-12-18,5,Wednesday,0.00,15.29,32.90,34.18,51.39,0.00,10674.00,12241.00,22635.66,0.53,0.44,1.00,,,,,
2024-12-18,6,Wednesday,0.00,15.47,33.27,34.18,51.39,0.00,10844.00,12241.00,22635.66,0.52,0.00,0.00,,,,,
2024-12-18,7,Wednesday,0.00,15.57,33.90,34.18,51.39,0.00,11203.00,12241.00,22635.66,0.51,0.00,0.00,,,,,
2024-12-18,8,Wednesday,0.00,14.95,34.50,34.18,51.39,0.00,11614.00,12241.00,22635.66,0.49,0.00,0.00,,,,,
2024-12-18,9,Wednesday,0.00,16.20,35.02,34.18,51.39,0.00,11889.00,12241.00,22635.66,0.47,0.00,0.00,,,,,
2024-12-18,10,Wednesday,0.00,15.39,35.52,34.18,51.39,0.00,11919.00,12241.00,22635.66,0.47,0.00,0.00,,,,,
2024-12-18,11,Wednesday,0.00,14.84,35.92,34.18,51.39,0.00,11946.00,12241.00,22635.66,0.47,0.00,0.00,,,,,
2024-12-18,12,Wednesday,0.00,16.95,36.01,117.85,51.39,0.00,11906.00,12241.00,22635.66,0.47,0.00,0.00,,,,,
2024-12-18,13,Wednesday,0.00,17.57,36.00,117.85,51.39,0.00,11798.00,12241.00,22635.66,0.48,0.00,0.00,,,,,
2024-12-18,14,Wednesday,0.00,17.49,35.37,117.85,51.39,0.00,11926.00,12241.00,22635.66,0.47,0.00,0.00,,,,,
2024-12-18,15,Wednesday,0.00,16.31,34.54,117.85,51.39,0.00,11969.00,12241.00,22635.66,0.47,0.00,0.00,,,,,
2024-12-18,16,Wednesday,0.00,14.70,32.24,117.85,51.39,0.00,12015.00,12241.00,22635.66,0.47,0.00,0.00,,,,,
2024-12-18,17,Wednesday,0.00,14.30,21.12,117.85,51.39,0.00,12164.00,12241.00,22635.66,0.46,0.00,0.00,,,,,
2024-12-18,18,Wednesday,0.00,16.32,8.97,117.85,51.39,0.00,12241.00,12241.00,22635.66,0.46,0.00,0.00,,,,,
2024-12-18,19,Wednesday,0.00,17.12,7.13,117.85,51.39,0.00,12083.00,12241.00,22635.66,0.47,0.00,0.00,,,,,
2024-12-18,20,Wednesday,0.00,17.33,6.19,117.85,51.39,0.00,11987.00,12241.00,22635.66,0.47,0.00,0.00,,,,,
2024-12-18,21,Wednesday,0.00,17.64,4.86,117.85,51.39,0.00,11883.00,12241.00,22635.66,0.48,0.00,0.00,,,,,
2024-12-18,22,Wednesday,0.00,22.08,3.31,117.85,51.39,0.00,11612.00,12241.00,22635.66,0.49,3.50,1.00,,,,,
2024-12-18,23,Wednesday,0.00,28.03,2.85,117.85,51.39,0.00,11314.00,12241.00,22635.66,0.50,17.92,1.00,,,,,
2024-12-18,24,Wednesday,0.00,34.18,4.45,117.85,51.39,0.00,11000.00,12241.00,22635.66,0.51,16.68,1.00,,,,,
2024-12-19,1,Thursday,0.00,39.83,6.29,117.85,51.39,0.00,10811.00,12084.00,22635.66,0.52,16.68,1.00,,,,,
2024-12-19,2,Thursday,0.00,40.90,7.69,117.85,51.39,0.00,10711.00,12084.00,22635.66,0.53,22.22,1.00,,,,,
2024-12-19,3,Thursday,0.00,42.71,8.92,117.85,51.39,0.00,10655.00,12084.00,22635.66,0.53,16.68,1.00,,,,,
2024-12-19,4,Thursday,0.00,40.73,9.69,117.85,51.39,0.00,10650.00,12084.00,22635.66,0.53,22.22,1.00,,,,,
2024-12-19,5,Thursday,0.00,42.67,10.44,117.85,51.39,0.00,10693.00,12084.00,22635.66,0.53,22.60,1.00,,,,,
2024-12-19,6,Thursday,0.00,43.04,11.06,117.85,51.39,0.00,10866.00,12084.00,22635.66,0.52,19.74,1.00,,,,,
2024-12-19,7,Thursday,0.00,44.43,11.63,117.85,51.39,0.00,11262.00,12084.00,22635.66,0.50,15.20,1.00,,,,,
2024-12-19,8,Thursday,0.00,43.73,11.99,117.85,51.39,0.00,11684.00,12084.00,22635.66,0.48,18.95,1.00,,,,,
2024-12-19,9,Thursday,0.00,44.22,12.29,117.85,51.39,0.00,11789.00,12084.00,22635.66,0.48,12.18,1.00,,,,,
2024-12-19,10,Thursday,0.00,39.74,12.25,117.85,51.39,0.00,11777.00,12084.00,22635.66,0.48,0.00,0.00,,,,,
2024-12-19,11,Thursday,0.00,31.51,11.91,117.85,51.39,0.00,11743.00,12084.00,22635.66,0.48,0.00,0.00,,,,,
2024-12-19,12,Thursday,0.00,27.94,11.64,81.09,51.39,0.00,11766.00,12084.00,22635.66,0.48,16.25,1.00,,,,,
2024-12-19,13,Thursday,0.00,36.58,11.43,81.09,51.39,0.00,11775.00,12084.00,22635.66,0.48,11.17,1.00,,,,,
2024-12-19,14,Thursday,0.00,35.79,11.14,81.09,51.39,0.00,11802.00,12084.00,22635.66,0.48,16.25,1.00,,,,,
2024-12-19,15,Thursday,0.00,37.88,10.75,81.09,51.39,0.00,11778.00,12084.00,22635.66,0.48,16.36,1.00,,,,,
2024-12-19,16,Thursday,0.00,34.70,10.12,81.09,51.39,0.00,11838.00,12084.00,22635.66,0.48,16.25,1.00,,,,,
2024-12-19,17,Thursday,0.00,40.54,9.42,81.09,51.39,0.00,12027.00,12084.00,22635.66,0.47,16.74,1.00,,,,,
2024-12-19,18,Thursday,0.00,43.06,8.81,81.09,51.39,0.00,12084.00,12084.00,22635.66,0.47,61.11,1.00,,,,,
2024-12-19,19,Thursday,0.00,117.85,18.18,81.09,51.39,1.00,11942.00,12084.00,22635.66,0.47,36.14,1.00,,,,,
2024-12-19,20,Thursday,0.00,55.55,17.84,81.09,51.39,1.00,11968.00,12084.00,22635.66,0.47,16.35,1.00,,,,,
2024-12-19,21,Thursday,0.00,45.05,17.17,81.09,51.39,0.00,11893.00,12084.00,22635.66,0.47,11.17,1.00,,,,,
2024-12-19,22,Thursday,0.00,33.84,16.75,81.09,51.39,0.00,11682.00,12084.00,22635.66,0.48,0.00,0.00,,,,,
2024-12-19,23,Thursday,0.00,18.54,17.20,81.09,51.39,0.00,11375.00,12084.00,22635.66,0.50,0.00,0.00,,,,,
2024-12-19,24,Thursday,0.00,17.90,17.82,81.09,51.39,0.00,11090.00,12084.00,22635.66,0.51,0.00,0.00,,,,,
2024-12-20,1,Friday,0.00,16.70,18.50,81.09,51.39,0.00,10862.00,11684.00,22635.66,0.52,5.17,1.00,,,,,
2024-12-20,2,Friday,0.00,16.61,19.11,81.09,51.39,0.00,10667.00,11684.00,22635.66,0.53,7.17,1.00,,,,,
2024-12-20,3,Friday,0.00,16.76,19.63,81.09,51.39,0.00,10590.00,11684.00,22635.66,0.53,0.00,0.00,,,,,
2024-12-20,4,Friday,0.00,14.34,20.21,81.09,51.39,0.00,10550.00,11684.00,22635.66,0.53,0.00,0.00,,,,,
2024-12-20,5,Friday,0.00,12.60,20.77,81.09,51.39,0.00,10563.00,11684.00,22635.66,0.53,1.91,1.00,,,,,
2024-12-20,6,Friday,0.00,14.97,21.14,81.09,51.39,0.00,10694.00,11684.00,22635.66,0.53,0.00,0.00,,,,,
2024-12-20,7,Friday,0.00,18.83,21.29,81.09,51.39,0.00,10999.00,11684.00,22635.66,0.51,0.00,0.00,,,,,
2024-12-20,8,Friday,0.00,16.79,21.45,81.09,51.39,0.00,11407.00,11684.00,22635.66,0.50,0.00,0.00,,,,,
2024-12-20,9,Friday,0.00,15.99,21.57,81.09,51.39,0.00,11595.00,11684.00,22635.66,0.49,0.00,0.00,,,,,
2024-12-20,10,Friday,0.00,20.62,21.61,81.09,51.39,0.00,11620.00,11684.00,22635.66,0.49,0.00,0.00,,,,,
2024-12-20,11,Friday,0.00,15.23,21.84,81.09,51.39,0.00,11604.00,11684.00,22635.66,0.49,0.00,0.00,,,,,
2024-12-20,12,Friday,0.00,11.33,22.16,68.38,51.39,0.00,11512.00,11684.00,22635.66,0.49,0.00,0.00,,,,,
2024-12-20,13,Friday,0.00,12.58,22.36,68.38,51.39,0.00,11429.00,11684.00,22635.66,0.50,0.00,0.00,,,,,
2024-12-20,14,Friday,0.00,18.17,22.39,68.38,51.39,0.00,11398.00,11684.00,22635.66,0.50,0.00,0.00,,,,,
2024-12-20,15,Friday,0.00,28.75,22.30,68.38,51.39,0.00,11328.00,11684.00,22635.66,0.50,39.39,1.00,,,,,
2024-12-20,16,Friday,0.00,59.25,23.15,68.38,51.39,1.00,11373.00,11684.00,22635.66,0.50,51.72,1.00,,,,,
2024-12-20,17,Friday,0.00,81.09,25.35,68.38,51.39,1.00,11593.00,11684.00,22635.66,0.49,51.72,1.00,,,,,
2024-12-20,18,Friday,0.00,74.88,26.79,68.38,51.39,1.00,11684.00,11684.00,22635.66,0.48,27.97,1.00,,,,,
2024-12-20,19,Friday,0.00,46.58,20.18,68.38,51.39,0.00,11554.00,11684.00,22635.66,0.49,0.00,0.00,,,,,
2024-12-20,20,Friday,0.00,27.96,19.37,68.38,51.39,0.00,11433.00,11684.00,22635.66,0.49,0.00,0.00,,,,,
2024-12-20,21,Friday,0.00,21.82,19.04,68.38,51.39,0.00,11291.00,11684.00,22635.66,0.50,0.00,0.00,,,,,
2024-12-20,22,Friday,0.00,17.62,19.05,68.38,51.39,0.00,11116.00,11684.00,22635.66,0.51,0.00,0.00,,,,,
2024-12-20,23,Friday,0.00,18.96,19.04,68.38,51.39,0.00,10908.00,11684.00,22635.66,0.52,10.67,1.00,,,,,
2024-12-20,24,Friday,1.00,17.92,19.04,68.38,51.39,0.00,10660.00,11684.00,22635.66,0.53,0.00,0.00,,,,,
2024-12-21,1,Saturday,1.00,14.92,19.08,68.38,51.39,0.00,10477.00,11303.00,22635.66,0.54,0.00,0.00,,,,,
2024-12-21,2,Saturday,1.00,14.99,19.11,68.38,51.39,0.00,10337.00,11303.00,22635.66,0.54,0.00,0.00,,,,,
2024-12-21,3,Saturday,1.00,14.39,19.16,68.38,51.39,0.00,10217.00,11303.00,22635.66,0.55,0.00,0.00,,,,,
2024-12-21,4,Saturday,1.00,13.80,19.18,68.38,51.39,0.00,10131.00,11303.00,22635.66,0.55,0.00,0.00,,,,,
2024-12-21,5,Saturday,1.00,12.73,19.17,68.38,51.39,0.00,10118.00,11303.00,22635.66,0.55,0.00,0.00,,,,,
2024-12-21,6,Saturday,1.00,11.78,19.26,68.38,51.39,0.00,10160.00,11303.00,22635.66,0.55,1.13,1.00,,,,,
2024-12-21,7,Saturday,1.00,17.02,19.28,68.38,51.39,0.00,10361.00,11303.00,22635.66,0.54,4.90,1.00,,,,,
2024-12-21,8,Saturday,1.00,21.50,19.22,68.38,51.39,0.00,10647.00,11303.00,22635.66,0.53,4.62,1.00,,,,,
2024-12-21,9,Saturday,1.00,28.36,19.13,68.38,51.39,0.00,10842.00,11303.00,22635.66,0.52,1.98,1.00,,,,,
2024-12-21,10,Saturday,1.00,27.78,19.10,68.38,51.39,0.00,10955.00,11303.00,22635.66,0.52,0.00,0.00,,,,,
2024-12-21,11,Saturday,1.00,34.25,19.02,68.38,51.39,0.00,11005.00,11303.00,22635.66,0.51,15.87,1.00,,,,,
2024-12-21,12,Saturday,1.00,43.96,19.02,363.01,51.39,0.00,10926.00,11303.00,22635.66,0.52,34.21,1.00,,,,,
2024-12-21,13,Saturday,1.00,62.48,19.88,363.01,51.39,1.00,10854.00,11303.00,22635.66,0.52,33.75,1.00,,,,,
2024-12-21,14,Saturday,1.00,58.81,20.49,363.01,51.39,1.00,10789.00,11303.00,22635.66,0.52,13.91,1.00,,,,,
2024-12-21,15,Saturday,1.00,45.20,20.64,363.01,51.39,0.00,10795.00,11303.00,22635.66,0.52,28.92,1.00,,,,,
2024-12-21,16,Saturday,1.00,47.25,20.13,363.01,51.39,0.00,10874.00,11303.00,22635.66,0.52,36.42,1.00,,,,,
2024-12-21,17,Saturday,1.00,68.38,18.97,363.01,51.39,1.00,11116.00,11303.00,22635.66,0.51,41.95,1.00,,,,,
2024-12-21,18,Saturday,1.00,66.09,18.21,363.01,51.39,1.00,11303.00,11303.00,22635.66,0.50,28.31,1.00,,,,,
2024-12-21,19,Saturday,1.00,57.75,18.72,363.01,51.39,1.00,11161.00,11303.00,22635.66,0.51,5.24,1.00,,,,,
2024-12-21,20,Saturday,1.00,39.45,18.76,363.01,51.39,0.00,11080.00,11303.00,22635.66,0.51,0.00,0.00,,,,,
2024-12-21,21,Saturday,1.00,24.35,18.71,363.01,51.39,0.00,10922.00,11303.00,22635.66,0.52,0.00,0.00,,,,,
2024-12-21,22,Saturday,1.00,19.87,18.64,363.01,51.39,0.00,10843.00,11303.00,22635.66,0.52,0.00,0.00,,,,,
2024-12-21,23,Saturday,1.00,13.54,18.84,363.01,51.39,0.00,10798.00,11303.00,22635.66,0.52,0.00,0.00,,,,,
2024-12-21,24,Saturday,1.00,7.91,19.26,363.01,51.39,0.00,10630.00,11303.00,22635.66,0.53,20.79,1.00,,,,,
2024-12-22,1,Sunday,1.00,23.68,19.01,363.01,51.39,0.00,10504.00,11352.00,22635.66,0.54,29.65,1.00,,,,,
2024-12-22,2,Sunday,1.00,24.93,18.74,363.01,51.39,0.00,10342.00,11352.00,22635.66,0.54,28.61,1.00,,,,,
2024-12-22,3,Sunday,1.00,25.53,18.41,363.01,51.39,0.00,10243.00,11352.00,22635.66,0.55,13.75,1.00,,,,,
2024-12-22,4,Sunday,1.00,33.12,17.97,363.01,51.39,0.00,10204.00,11352.00,22635.66,0.55,13.75,1.00,,,,,
2024-12-22,5,Sunday,1.00,37.11,17.42,363.01,51.39,0.00,10202.00,11352.00,22635.66,0.55,42.86,1.00,,,,,
2024-12-22,6,Sunday,1.00,39.65,16.75,363.01,51.39,0.00,10261.00,11352.00,22635.66,0.55,0.00,0.00,,,,,
2024-12-22,7,Sunday,1.00,21.58,16.55,363.01,51.39,0.00,10380.00,11352.00,22635.66,0.54,0.00,0.00,,,,,
2024-12-22,8,Sunday,1.00,18.08,16.69,363.01,51.39,0.00,10606.00,11352.00,22635.66,0.53,0.03,0.00,,,,,
2024-12-22,9,Sunday,1.00,23.79,16.81,363.01,51.39,0.00,10779.00,11352.00,22635.66,0.52,30.15,1.00,,,,,
2024-12-22,10,Sunday,1.00,47.49,16.87,363.01,51.39,0.00,10871.00,11352.00,22635.66,0.52,2.38,1.00,,,,,
2024-12-22,11,Sunday,1.00,32.73,16.88,363.01,51.39,0.00,11046.00,11352.00,22635.66,0.51,17.70,1.00,,,,,
2024-12-22,12,Sunday,1.00,36.38,16.81,38.37,51.39,0.00,11020.00,11352.00,22635.66,0.51,3.81,1.00,,,,,
2024-12-22,13,Sunday,1.00,25.10,16.04,38.37,51.39,0.00,11033.00,11352.00,22635.66,0.51,3.81,1.00,,,,,
2024-12-22,14,Sunday,1.00,24.98,15.35,38.37,51.39,0.00,10920.00,11352.00,22635.66,0.52,0.00,0.00,,,,,
2024-12-22,15,Sunday,1.00,21.12,15.34,38.37,51.39,0.00,10865.00,11352.00,22635.66,0.52,0.00,0.00,,,,,
2024-12-22,16,Sunday,1.00,39.55,15.11,38.37,51.39,0.00,10938.00,11352.00,22635.66,0.52,59.65,1.00,,,,,
2024-12-22,17,Sunday,1.00,103.65,19.61,38.37,51.39,1.00,11214.00,11352.00,22635.66,0.50,85.01,1.00,,,,,
2024-12-22,18,Sunday,1.00,363.01,68.61,38.37,51.39,1.00,11352.00,11352.00,22635.66,0.50,30.94,1.00,,,,,
2024-12-22,19,Sunday,1.00,68.54,68.72,38.37,51.39,1.00,11260.00,11352.00,22635.66,0.50,9.46,1.00,,,,,
2024-12-22,20,Sunday,1.00,40.55,68.72,38.37,51.39,0.00,11216.00,11352.00,22635.66,0.50,0.00,0.00,,,,,
2024-12-22,21,Sunday,1.00,31.01,68.64,38.37,51.39,0.00,11142.00,11352.00,22635.66,0.51,0.00,0.00,,,,,
2024-12-22,22,Sunday,1.00,24.06,68.58,38.37,51.39,0.00,11035.00,11352.00,22635.66,0.51,0.00,0.00,,,,,
2024-12-22,23,Sunday,1.00,18.09,68.49,38.37,51.39,0.00,10776.00,11352.00,22635.66,0.52,0.00,0.00,,,,,
2024-12-22,24,Sunday,0.00,11.71,68.41,38.37,51.39,0.00,10577.00,11352.00,22635.66,0.53,0.00,0.00,,,,,
2024-12-23,1,Monday,0.00,3.69,68.81,38.37,51.39,0.00,10377.00,11561.00,22635.66,0.54,0.00,0.00,,,,,
2024-12-23,2,Monday,0.00,0.00,69.31,38.37,51.39,0.00,10214.00,11561.00,22635.66,0.55,0.00,0.00,,,,,
2024-12-23,3,Monday,0.00,0.00,69.80,38.37,51.39,0.00,10103.00,11561.00,22635.66,0.55,0.00,0.00,,,,,
2024-12-23,4,Monday,0.00,0.00,70.34,38.37,51.39,0.00,10075.00,11561.00,22635.66,0.55,0.00,0.00,,,,,
2024-12-23,5,Monday,0.00,0.00,70.86,38.37,51.39,0.00,10083.00,11561.00,22635.66,0.55,0.00,0.00,,,,,
2024-12-23,6,Monday,0.00,0.00,71.34,38.37,51.39,0.00,10191.00,11561.00,22635.66,0.55,0.00,0.00,,,,,
2024-12-23,7,Monday,0.00,9.00,71.52,38.37,51.39,0.00,10533.00,11561.00,22635.66,0.53,0.00,0.00,,,,,
2024-12-23,8,Monday,0.00,15.46,71.55,38.37,51.39,0.00,10908.00,11561.00,22635.66,0.52,23.01,1.00,,,,,
2024-12-23,9,Monday,0.00,34.52,71.49,38.37,51.39,0.00,11189.00,11561.00,22635.66,0.51,13.08,1.00,,,,,
2024-12-23,10,Monday,0.00,26.36,71.52,38.37,51.39,0.00,11290.00,11561.00,22635.66,0.50,12.94,1.00,,,,,
2024-12-23,11,Monday,0.00,20.21,71.60,38.37,51.39,0.00,11368.00,11561.00,22635.66,0.50,16.95,1.00,,,,,
2024-12-23,12,Monday,0.00,17.28,71.72,41.22,51.39,0.00,11341.00,11561.00,22635.66,0.50,8.52,1.00,,,,,
2024-12-23,13,Monday,0.00,8.40,71.92,41.22,51.39,0.00,11215.00,11561.00,22635.66,0.50,0.00,0.00,,,,,
2024-12-23,14,Monday,0.00,0.00,72.26,41.22,51.39,0.00,11110.00,11561.00,22635.66,0.51,0.00,0.00,,,,,
2024-12-23,15,Monday,0.00,2.05,72.52,41.22,51.39,0.00,11120.00,11561.00,22635.66,0.51,16.93,1.00,,,,,
2024-12-23,16,Monday,0.00,15.62,72.62,41.22,51.39,0.00,11096.00,11561.00,22635.66,0.51,21.45,1.00,,,,,
2024-12-23,17,Monday,0.00,23.79,71.16,41.22,51.39,0.00,11367.00,11561.00,22635.66,0.50,25.43,1.00,,,,,
2024-12-23,18,Monday,0.00,33.99,16.46,41.22,51.39,0.00,11561.00,11561.00,22635.66,0.49,25.43,1.00,,,,,
2024-12-23,19,Monday,0.00,35.19,13.10,41.22,51.39,0.00,11421.00,11561.00,22635.66,0.50,29.10,1.00,,,,,
2024-12-23,20,Monday,0.00,23.96,12.16,41.22,51.39,0.00,11315.00,11561.00,22635.66,0.50,18.09,1.00,,,,,
2024-12-23,21,Monday,0.00,24.92,11.88,41.22,51.39,0.00,11184.00,11561.00,22635.66,0.51,27.51,1.00,,,,,
2024-12-23,22,Monday,0.00,26.81,11.99,41.22,51.39,0.00,10985.00,11561.00,22635.66,0.51,23.01,1.00,,,,,
2024-12-23,23,Monday,0.00,38.37,12.88,41.22,51.39,0.00,10775.00,11561.00,22635.66,0.52,13.49,1.00,,,,,
2024-12-23,24,Monday,0.00,27.61,13.08,41.22,51.39,0.00,10492.00,11561.00,22635.66,0.54,38.64,1.00,,,,,
2024-12-24,1,Tuesday,0.00,35.09,13.34,41.22,51.39,0.00,10265.00,11329.00,22635.66,0.55,24.03,1.00,,,,,
2024-12-24,2,Tuesday,0.00,41.22,13.63,41.22,51.39,0.00,10139.00,11329.00,22635.66,0.55,2.43,1.00,,,,,
2024-12-24,3,Tuesday,0.00,22.88,13.05,41.22,51.39,0.00,9998.00,11329.00,22635.66,0.56,0.00,0.00,,,,,
2024-12-24,4,Tuesday,0.00,15.83,12.40,41.22,51.39,0.00,9956.00,11329.00,22635.66,0.56,0.00,0.00,,,,,
2024-12-24,5,Tuesday,0.00,15.37,11.68,41.22,51.39,0.00,9995.00,11329.00,22635.66,0.56,0.00,0.00,,,,,
2024-12-24,6,Tuesday,0.00,15.56,10.88,41.22,51.39,0.00,10133.00,11329.00,22635.66,0.55,0.00,0.00,,,,,
2024-12-24,7,Tuesday,0.00,15.05,10.64,41.22,51.39,0.00,10427.00,11329.00,22635.66,0.54,0.00,0.00,,,,,
2024-12-24,8,Tuesday,0.00,14.46,10.67,41.22,51.39,0.00,10773.00,11329.00,22635.66,0.52,0.00,0.00,,,,,
2024-12-24,9,Tuesday,0.00,17.44,10.40,41.22,51.39,0.00,11089.00,11329.00,22635.66,0.51,0.00,0.00,,,,,
2024-12-24,10,Tuesday,0.00,15.92,10.41,41.22,51.39,0.00,11175.00,11329.00,22635.66,0.51,0.00,0.00,,,,,
2024-12-24,11,Tuesday,0.00,14.85,10.48,41.22,51.39,0.00,11290.00,11329.00,22635.66,0.50,0.00,0.00,,,,,
2024-12-24,12,Tuesday,0.00,9.07,10.72,21.65,51.39,0.00,11329.00,11329.00,22635.66,0.50,0.00,0.00,,,,,
2024-12-24,13,Tuesday,0.00,2.73,11.05,21.65,51.39,0.00,11244.00,11329.00,22635.66,0.50,0.00,0.00,,,,,
2024-12-24,14,Tuesday,0.00,1.55,10.93,21.65,51.39,0.00,11142.00,11329.00,22635.66,0.51,0.00,0.00,,,,,
2024-12-24,15,Tuesday,0.00,0.00,11.08,21.65,51.39,0.00,11037.00,11329.00,22635.66,0.51,0.00,0.00,,,,,
2024-12-24,16,Tuesday,0.00,4.66,11.48,21.65,51.39,0.00,11040.00,11329.00,22635.66,0.51,0.00,0.00,,,,,
2024-12-24,17,Tuesday,0.00,12.16,11.55,21.65,51.39,0.00,11086.00,11329.00,22635.66,0.51,0.00,0.00,,,,,
2024-12-24,18,Tuesday,0.00,13.98,11.18,21.65,51.39,0.00,11146.00,11329.00,22635.66,0.51,0.00,0.00,,,,,
2024-12-24,19,Tuesday,0.00,15.07,10.64,21.65,51.39,0.00,10872.00,11329.00,22635.66,0.52,0.00,0.00,,,,,
2024-12-24,20,Tuesday,0.00,15.29,10.57,21.65,51.39,0.00,10720.00,11329.00,22635.66,0.53,0.00,0.00,,,,,
2024-12-24,21,Tuesday,0.00,13.79,10.47,21.65,51.39,0.00,10560.00,11329.00,22635.66,0.53,0.00,0.00,,,,,
2024-12-24,22,Tuesday,0.00,11.93,10.30,21.65,51.39,0.00,10463.00,11329.00,22635.66,0.54,0.00,0.00,,,,,
2024-12-24,23,Tuesday,0.00,9.38,9.29,21.65,51.39,0.00,10345.00,11329.00,22635.66,0.54,0.00,0.00,,,,,
2024-12-24,24,Tuesday,0.00,0.60,9.33,21.65,51.39,0.00,10210.00,11329.00,22635.66,0.55,0.00,0.00,,,,,
2024-12-25,1,Wednesday,0.00,0.00,8.62,21.65,51.39,0.00,10011.00,10809.00,22635.66,0.56,0.00,0.00,,,,,
2024-12-25,2,Wednesday,0.00,0.00,6.59,21.65,51.39,0.00,9866.00,10809.00,22635.66,0.56,0.00,0.00,,,,,
2024-12-25,3,Wednesday,0.00,0.00,6.41,21.65,51.39,0.00,9784.00,10809.00,22635.66,0.57,0.00,0.00,,,,,
2024-12-25,4,Wednesday,0.00,0.00,6.57,21.65,51.39,0.00,9709.00,10809.00,22635.66,0.57,0.00,0.00,,,,,
2024-12-25,5,Wednesday,0.00,0.00,6.68,21.65,51.39,0.00,9714.00,10809.00,22635.66,0.57,0.00,0.00,,,,,
2024-12-25,6,Wednesday,0.00,0.00,6.71,21.65,51.39,0.00,9790.00,10809.00,22635.66,0.57,0.00,0.00,,,,,
2024-12-25,7,Wednesday,0.00,0.00,6.71,21.65,51.39,0.00,9935.00,10809.00,22635.66,0.56,0.00,0.00,,,,,
2024-12-25,8,Wednesday,0.00,0.00,6.68,21.65,51.39,0.00,10129.00,10809.00,22635.66,0.55,0.00,0.00,,,,,
2024-12-25,9,Wednesday,0.00,0.94,6.37,21.65,51.39,0.00,10349.00,10809.00,22635.66,0.54,0.00,0.00,,,,,
2024-12-25,10,Wednesday,0.00,0.32,6.11,21.65,51.39,0.00,10404.00,10809.00,22635.66,0.54,0.00,0.00,,,,,
2024-12-25,11,Wednesday,0.00,0.00,5.85,21.65,51.39,0.00,10440.00,10809.00,22635.66,0.54,0.00,0.00,,,,,
2024-12-25,12,Wednesday,0.00,2.49,5.79,30.32,51.39,0.00,10461.00,10809.00,22635.66,0.54,0.00,0.00,,,,,
2024-12-25,13,Wednesday,0.00,5.15,5.78,30.32,51.39,0.00,10437.00,10809.00,22635.66,0.54,0.72,1.00,,,,,
2024-12-25,14,Wednesday,0.00,9.38,5.83,30.32,51.39,0.00,10398.00,10809.00,22635.66,0.54,0.00,0.00,,,,,
2024-12-25,15,Wednesday,0.00,13.30,5.98,30.32,51.39,0.00,10460.00,10809.00,22635.66,0.54,0.21,0.00,,,,,
2024-12-25,16,Wednesday,0.00,19.95,6.65,30.32,51.39,0.00,10601.00,10809.00,22635.66,0.53,6.21,1.00,,,,,
2024-12-25,17,Wednesday,0.00,21.65,7.26,30.32,51.39,0.00,10801.00,10809.00,22635.66,0.52,0.27,0.00,,,,,
2024-12-25,18,Wednesday,0.00,13.70,7.25,30.32,51.39,0.00,10809.00,10809.00,22635.66,0.52,0.00,0.00,,,,,
2024-12-25,19,Wednesday,0.00,4.50,7.02,30.32,51.39,0.00,10552.00,10809.00,22635.66,0.53,0.00,0.00,,,,,
2024-12-25,20,Wednesday,0.00,0.00,6.83,30.32,51.39,0.00,10477.00,10809.00,22635.66,0.54,0.00,0.00,,,,,
2024-12-25,21,Wednesday,0.00,0.00,6.67,30.32,51.39,0.00,10429.00,10809.00,22635.66,0.54,0.00,0.00,,,,,
2024-12-25,22,Wednesday,0.00,0.00,6.56,30.32,51.39,0.00,10346.00,10809.00,22635.66,0.54,0.00,0.00,,,,,
2024-12-25,23,Wednesday,0.00,0.00,6.52,30.32,51.39,0.00,10183.00,10809.00,22635.66,0.55,0.00,0.00,,,,,
2024-12-25,24,Wednesday,0.00,0.00,6.54,30.32,51.39,0.00,9989.00,10809.00,22635.66,0.56,0.00,0.00,,,,,
2024-12-26,1,Thursday,0.00,0.00,6.54,30.32,51.39,0.00,9856.00,11099.00,22635.66,0.56,0.00,0.00,,,,,
2024-12-26,2,Thursday,0.00,0.00,6.54,30.32,51.39,0.00,9734.00,11099.00,22635.66,0.57,0.00,0.00,,,,,
2024-12-26,3,Thursday,0.00,0.00,6.54,30.32,51.39,0.00,9674.00,11099.00,22635.66,0.57,0.00,0.00,,,,,
2024-12-26,4,Thursday,0.00,0.00,6.54,30.32,51.39,0.00,9626.00,11099.00,22635.66,0.57,0.00,0.00,,,,,
2024-12-26,5,Thursday,0.00,0.00,6.54,30.32,51.39,0.00,9670.00,11099.00,22635.66,0.57,0.00,0.00,,,,,
2024-12-26,6,Thursday,0.00,0.00,6.54,30.32,51.39,0.00,9779.00,11099.00,22635.66,0.57,0.00,0.00,,,,,
2024-12-26,7,Thursday,0.00,4.38,6.49,30.32,51.39,0.00,9944.00,11099.00,22635.66,0.56,0.00,0.00,,,,,
2024-12-26,8,Thursday,0.00,4.77,6.44,30.32,51.39,0.00,10152.00,11099.00,22635.66,0.55,8.98,1.00,,,,,
2024-12-26,9,Thursday,0.00,15.37,6.77,30.32,51.39,0.00,10357.00,11099.00,22635.66,0.54,14.40,1.00,,,,,
2024-12-26,10,Thursday,0.00,16.64,7.10,30.32,51.39,0.00,10479.00,11099.00,22635.66,0.54,0.00,0.00,,,,,
2024-12-26,11,Thursday,0.00,18.82,7.48,30.32,51.39,0.00,10614.00,11099.00,22635.66,0.53,0.00,0.00,,,,,
2024-12-26,12,Thursday,0.00,19.77,7.90,31.41,51.39,0.00,10654.00,11099.00,22635.66,0.53,0.00,0.00,,,,,
2024-12-26,13,Thursday,0.00,20.03,8.31,31.41,51.39,0.00,10651.00,11099.00,22635.66,0.53,0.00,0.00,,,,,
2024-12-26,14,Thursday,0.00,20.00,8.67,31.41,51.39,0.00,10651.00,11099.00,22635.66,0.53,0.00,0.00,,,,,
2024-12-26,15,Thursday,0.00,20.01,8.94,31.41,51.39,0.00,10669.00,11099.00,22635.66,0.53,0.00,0.00,,,,,
2024-12-26,16,Thursday,0.00,20.00,8.94,31.41,51.39,0.00,10708.00,11099.00,22635.66,0.53,2.16,1.00,,,,,
2024-12-26,17,Thursday,0.00,22.78,9.01,31.41,51.39,0.00,10932.00,11099.00,22635.66,0.52,0.00,0.00,,,,,
2024-12-26,18,Thursday,0.00,30.32,9.98,31.41,51.39,0.00,11099.00,11099.00,22635.66,0.51,0.00,0.00,,,,,
2024-12-26,19,Thursday,0.00,21.56,10.24,31.41,51.39,0.00,10969.00,11099.00,22635.66,0.52,10.77,1.00,,,,,
2024-12-26,20,Thursday,0.00,16.56,10.11,31.41,51.39,0.00,10787.00,11099.00,22635.66,0.52,10.77,1.00,,,,,
2024-12-26,21,Thursday,0.00,16.24,9.93,31.41,51.39,0.00,10771.00,11099.00,22635.66,0.52,17.39,1.00,,,,,
2024-12-26,22,Thursday,0.00,18.85,9.76,31.41,51.39,0.00,10679.00,11099.00,22635.66,0.53,11.75,1.00,,,,,
2024-12-26,23,Thursday,0.00,17.21,9.49,31.41,51.39,0.00,10496.00,11099.00,22635.66,0.54,10.77,1.00,,,,,
2024-12-26,24,Thursday,0.00,16.11,9.13,31.41,51.39,0.00,10260.00,11099.00,22635.66,0.55,5.25,1.00,,,,,
2024-12-27,1,Friday,0.00,14.63,8.70,31.41,51.39,0.00,10055.00,11274.00,22635.66,0.56,23.65,1.00,,,,,
2024-12-27,2,Friday,0.00,13.60,8.21,31.41,51.39,0.00,9931.00,11274.00,22635.66,0.56,2.57,1.00,,,,,
2024-12-27,3,Friday,0.00,7.50,7.78,31.41,51.39,0.00,9836.00,11274.00,22635.66,0.57,0.00,0.00,,,,,
2024-12-27,4,Friday,0.00,5.26,7.43,31.41,51.39,0.00,9821.00,11274.00,22635.66,0.57,10.95,1.00,,,,,
2024-12-27,5,Friday,0.00,12.05,6.78,31.41,51.39,0.00,9873.00,11274.00,22635.66,0.56,0.00,0.00,,,,,
2024-12-27,6,Friday,0.00,10.55,6.06,31.41,51.39,0.00,9955.00,11274.00,22635.66,0.56,0.00,0.00,,,,,
2024-12-27,7,Friday,0.00,16.42,5.56,31.41,51.39,0.00,10184.00,11274.00,22635.66,0.55,5.58,1.00,,,,,
2024-12-27,8,Friday,0.00,14.52,5.02,31.41,51.39,0.00,10459.00,11274.00,22635.66,0.54,0.00,0.00,,,,,
2024-12-27,9,Friday,0.00,14.35,5.03,31.41,51.39,0.00,10708.00,11274.00,22635.66,0.53,2.63,1.00,,,,,
2024-12-27,10,Friday,0.00,14.27,5.06,31.41,51.39,0.00,10881.00,11274.00,22635.66,0.52,5.05,1.00,,,,,
2024-12-27,11,Friday,0.00,14.45,5.06,31.41,51.39,0.00,10990.00,11274.00,22635.66,0.51,5.05,1.00,,,,,
2024-12-27,12,Friday,0.00,14.38,5.03,40.11,51.39,0.00,11007.00,11274.00,22635.66,0.51,0.00,0.00,,,,,
2024-12-27,13,Friday,0.00,11.87,5.04,40.11,51.39,0.00,10976.00,11274.00,22635.66,0.52,0.00,0.00,,,,,
2024-12-27,14,Friday,0.00,3.70,5.53,40.11,51.39,0.00,10908.00,11274.00,22635.66,0.52,0.00,0.00,,,,,
2024-12-27,15,Friday,0.00,2.99,5.96,40.11,51.39,0.00,10911.00,11274.00,22635.66,0.52,0.00,0.00,,,,,
2024-12-27,16,Friday,0.00,15.40,5.85,40.11,51.39,0.00,10955.00,11274.00,22635.66,0.52,0.00,0.00,,,,,
2024-12-27,17,Friday,0.00,19.94,5.71,40.11,51.39,0.00,11151.00,11274.00,22635.66,0.51,0.00,0.00,,,,,
2024-12-27,18,Friday,0.00,20.97,4.86,40.11,51.39,0.00,11274.00,11274.00,22635.66,0.50,0.00,0.00,,,,,
2024-12-27,19,Friday,0.00,14.53,4.59,40.11,51.39,0.00,11033.00,11274.00,22635.66,0.51,0.00,0.00,,,,,
2024-12-27,20,Friday,0.00,14.21,4.55,40.11,51.39,0.00,11001.00,11274.00,22635.66,0.51,0.00,0.00,,,,,
2024-12-27,21,Friday,0.00,16.49,4.56,40.11,51.39,0.00,10887.00,11274.00,22635.66,0.52,0.00,0.00,,,,,
2024-12-27,22,Friday,0.00,21.93,4.74,40.11,51.39,0.00,10755.00,11274.00,22635.66,0.52,0.00,0.00,,,,,
2024-12-27,23,Friday,0.00,27.82,5.49,40.11,51.39,0.00,10538.00,11274.00,22635.66,0.53,3.04,1.00,,,,,
2024-12-27,24,Friday,1.00,31.41,6.49,40.11,51.39,0.00,10341.00,11274.00,22635.66,0.54,0.00,0.00,,,,,
2024-12-28,1,Saturday,1.00,25.35,6.83,40.11,51.39,0.00,10165.00,11155.00,22635.66,0.55,0.00,0.00,,,,,
2024-12-28,2,Saturday,1.00,25.86,7.14,40.11,51.39,0.00,10074.00,11155.00,22635.66,0.55,0.00,0.00,,,,,
2024-12-28,3,Saturday,1.00,25.41,7.18,40.11,51.39,0.00,10031.00,11155.00,22635.66,0.56,0.00,0.00,,,,,
2024-12-28,4,Saturday,1.00,25.22,7.00,40.11,51.39,0.00,9994.00,11155.00,22635.66,0.56,0.00,0.00,,,,,
2024-12-28,5,Saturday,1.00,24.46,7.05,40.11,51.39,0.00,10002.00,11155.00,22635.66,0.56,0.00,0.00,,,,,
2024-12-28,6,Saturday,1.00,25.66,7.05,40.11,51.39,0.00,10056.00,11155.00,22635.66,0.56,0.00,0.00,,,,,
2024-12-28,7,Saturday,1.00,23.76,7.12,40.11,51.39,0.00,10130.00,11155.00,22635.66,0.55,0.00,0.00,,,,,
2024-12-28,8,Saturday,1.00,25.06,7.17,40.11,51.39,0.00,10315.00,11155.00,22635.66,0.54,5.65,1.00,,,,,
2024-12-28,9,Saturday,1.00,31.60,7.51,40.11,51.39,0.00,10541.00,11155.00,22635.66,0.53,0.00,0.00,,,,,
2024-12-28,10,Saturday,1.00,25.68,7.50,40.11,51.39,0.00,10599.00,11155.00,22635.66,0.53,0.00,0.00,,,,,
2024-12-28,11,Saturday,1.00,25.06,7.46,40.11,51.39,0.00,10749.00,11155.00,22635.66,0.53,0.00,0.00,,,,,
2024-12-28,12,Saturday,1.00,26.66,7.42,42.69,51.39,0.00,10770.00,11155.00,22635.66,0.52,0.00,0.00,,,,,
2024-12-28,13,Saturday,1.00,19.22,7.17,42.69,51.39,0.00,10707.00,11155.00,22635.66,0.53,0.00,0.00,,,,,
2024-12-28,14,Saturday,1.00,17.73,6.20,42.69,51.39,0.00,10708.00,11155.00,22635.66,0.53,0.00,0.00,,,,,
2024-12-28,15,Saturday,1.00,17.24,4.87,42.69,51.39,0.00,10672.00,11155.00,22635.66,0.53,0.00,0.00,,,,,
2024-12-28,16,Saturday,1.00,19.61,4.67,42.69,51.39,0.00,10735.00,11155.00,22635.66,0.53,5.65,1.00,,,,,
2024-12-28,17,Saturday,1.00,30.53,4.86,42.69,51.39,0.00,10959.00,11155.00,22635.66,0.52,13.01,1.00,,,,,
2024-12-28,18,Saturday,1.00,39.46,5.79,42.69,51.39,0.00,11155.00,11155.00,22635.66,0.51,14.29,1.00,,,,,
2024-12-28,19,Saturday,1.00,40.11,6.26,42.69,51.39,0.00,11002.00,11155.00,22635.66,0.51,19.39,1.00,,,,,
2024-12-28,20,Saturday,1.00,38.97,6.39,42.69,51.39,0.00,10867.00,11155.00,22635.66,0.52,18.85,1.00,,,,,
2024-12-28,21,Saturday,1.00,36.72,6.38,42.69,51.39,0.00,10765.00,11155.00,22635.66,0.52,0.00,0.00,,,,,
2024-12-28,22,Saturday,1.00,29.44,6.31,42.69,51.39,0.00,10658.00,11155.00,22635.66,0.53,0.00,0.00,,,,,
2024-12-28,23,Saturday,1.00,28.89,6.31,42.69,51.39,0.00,10484.00,11155.00,22635.66,0.54,0.00,0.00,,,,,
2024-12-28,24,Saturday,1.00,24.19,6.29,42.69,51.39,0.00,10244.00,11155.00,22635.66,0.55,0.00,0.00,,,,,
2024-12-29,1,Sunday,1.00,26.44,6.28,42.69,51.39,0.00,10072.00,11279.00,22635.66,0.56,0.00,0.00,,,,,
2024-12-29,2,Sunday,1.00,26.03,6.28,42.69,51.39,0.00,9967.00,11279.00,22635.66,0.56,0.00,0.00,,,,,
2024-12-29,3,Sunday,1.00,27.55,6.27,42.69,51.39,0.00,9921.00,11279.00,22635.66,0.56,0.00,0.00,,,,,
2024-12-29,4,Sunday,1.00,23.37,6.30,42.69,51.39,0.00,9867.00,11279.00,22635.66,0.56,0.00,0.00,,,,,
2024-12-29,5,Sunday,1.00,21.54,6.38,42.69,51.39,0.00,9853.00,11279.00,22635.66,0.56,0.00,0.00,,,,,
2024-12-29,6,Sunday,1.00,19.49,6.56,42.69,51.39,0.00,9887.00,11279.00,22635.66,0.56,0.00,0.00,,,,,
2024-12-29,7,Sunday,1.00,22.96,6.58,42.69,51.39,0.00,10020.00,11279.00,22635.66,0.56,0.00,0.00,,,,,
2024-12-29,8,Sunday,1.00,32.32,6.66,42.69,51.39,0.00,10239.00,11279.00,22635.66,0.55,4.06,1.00,,,,,
2024-12-29,9,Sunday,1.00,39.63,7.06,42.69,51.39,0.00,10382.00,11279.00,22635.66,0.54,3.21,1.00,,,,,
2024-12-29,10,Sunday,1.00,39.48,7.45,42.69,51.39,0.00,10458.00,11279.00,22635.66,0.54,3.94,1.00,,,,,
2024-12-29,11,Sunday,1.00,39.20,7.74,42.69,51.39,0.00,10546.00,11279.00,22635.66,0.53,3.21,1.00,,,,,
2024-12-29,12,Sunday,1.00,39.00,8.00,45.41,51.39,0.00,10579.00,11279.00,22635.66,0.53,3.75,1.00,,,,,
2024-12-29,13,Sunday,1.00,39.28,7.97,45.41,51.39,0.00,10660.00,11279.00,22635.66,0.53,7.81,1.00,,,,,
2024-12-29,14,Sunday,1.00,39.51,7.76,45.41,51.39,0.00,10641.00,11279.00,22635.66,0.53,3.21,1.00,,,,,
2024-12-29,15,Sunday,1.00,39.35,7.39,45.41,51.39,0.00,10651.00,11279.00,22635.66,0.53,1.60,1.00,,,,,
2024-12-29,16,Sunday,1.00,38.64,7.05,45.41,51.39,0.00,10726.00,11279.00,22635.66,0.53,2.34,1.00,,,,,
2024-12-29,17,Sunday,1.00,39.21,7.16,45.41,51.39,0.00,10997.00,11279.00,22635.66,0.51,8.91,1.00,,,,,
2024-12-29,18,Sunday,1.00,42.69,7.31,45.41,51.39,0.00,11279.00,11279.00,22635.66,0.50,0.00,0.00,,,,,
2024-12-29,19,Sunday,1.00,38.91,7.27,45.41,51.39,0.00,11191.00,11279.00,22635.66,0.51,0.00,0.00,,,,,
2024-12-29,20,Sunday,1.00,37.94,7.24,45.41,51.39,0.00,11053.00,11279.00,22635.66,0.51,0.00,0.00,,,,,
2024-12-29,21,Sunday,1.00,37.50,7.25,45.41,51.39,0.00,10927.00,11279.00,22635.66,0.52,1.15,1.00,,,,,
2024-12-29,22,Sunday,1.00,40.83,7.38,45.41,51.39,0.00,10827.00,11279.00,22635.66,0.52,5.56,1.00,,,,,
2024-12-29,23,Sunday,1.00,40.82,7.45,45.41,51.39,0.00,10580.00,11279.00,22635.66,0.53,2.89,1.00,,,,,
2024-12-29,24,Sunday,0.00,38.41,7.21,45.41,51.39,0.00,10370.00,11279.00,22635.66,0.54,0.00,0.00,,,,,
2024-12-30,1,Monday,0.00,36.46,7.01,45.41,51.39,0.00,10200.00,11707.00,22635.66,0.55,0.00,0.00,,,,,
2024-12-30,2,Monday,0.00,27.10,6.96,45.41,51.39,0.00,10118.00,11707.00,22635.66,0.55,0.00,0.00,,,,,
2024-12-30,3,Monday,0.00,22.24,7.27,45.41,51.39,0.00,10089.00,11707.00,22635.66,0.55,0.00,0.00,,,,,
2024-12-30,4,Monday,0.00,20.86,7.45,45.41,51.39,0.00,10062.00,11707.00,22635.66,0.56,0.00,0.00,,,,,
2024-12-30,5,Monday,0.00,22.13,7.41,45.41,51.39,0.00,10078.00,11707.00,22635.66,0.55,0.00,0.00,,,,,
2024-12-30,6,Monday,0.00,25.93,6.95,45.41,51.39,0.00,10236.00,11707.00,22635.66,0.55,0.00,0.00,,,,,
2024-12-30,7,Monday,0.00,27.65,6.67,45.41,51.39,0.00,10498.00,11707.00,22635.66,0.54,0.00,0.00,,,,,
2024-12-30,8,Monday,0.00,27.89,6.81,45.41,51.39,0.00,10831.00,11707.00,22635.66,0.52,0.00,0.00,,,,,
2024-12-30,9,Monday,0.00,38.37,6.78,45.41,51.39,0.00,11072.00,11707.00,22635.66,0.51,0.00,0.00,,,,,
2024-12-30,10,Monday,0.00,38.77,6.76,45.41,51.39,0.00,11203.00,11707.00,22635.66,0.51,0.00,0.00,,,,,
2024-12-30,11,Monday,0.00,35.23,6.70,45.41,51.39,0.00,11323.00,11707.00,22635.66,0.50,0.00,0.00,,,,,
2024-12-30,12,Monday,0.00,34.13,6.64,46.50,51.39,0.00,11396.00,11707.00,22635.66,0.50,0.00,0.00,,,,,
2024-12-30,13,Monday,0.00,31.81,6.59,46.50,51.39,0.00,11362.00,11707.00,22635.66,0.50,0.00,0.00,,,,,
2024-12-30,14,Monday,0.00,30.52,6.54,46.50,51.39,0.00,11341.00,11707.00,22635.66,0.50,0.00,0.00,,,,,
2024-12-30,15,Monday,0.00,30.85,6.46,46.50,51.39,0.00,11347.00,11707.00,22635.66,0.50,0.00,0.00,,,,,
2024-12-30,16,Monday,0.00,34.55,6.38,46.50,51.39,0.00,11348.00,11707.00,22635.66,0.50,0.00,0.00,,,,,
2024-12-30,17,Monday,0.00,41.75,6.49,46.50,51.39,0.00,11530.00,11707.00,22635.66,0.49,8.07,1.00,,,,,
2024-12-30,18,Monday,0.00,45.41,6.68,46.50,51.39,0.00,11707.00,11707.00,22635.66,0.48,1.15,1.00,,,,,
2024-12-30,19,Monday,0.00,42.17,6.81,46.50,51.39,0.00,11579.00,11707.00,22635.66,0.49,0.00,0.00,,,,,
2024-12-30,20,Monday,0.00,39.77,6.87,46.50,51.39,0.00,11463.00,11707.00,22635.66,0.49,0.00,0.00,,,,,
2024-12-30,21,Monday,0.00,39.77,6.94,46.50,51.39,0.00,11326.00,11707.00,22635.66,0.50,0.00,0.00,,,,,
2024-12-30,22,Monday,0.00,39.77,6.90,46.50,51.39,0.00,11191.00,11707.00,22635.66,0.51,0.00,0.00,,,,,
2024-12-30,23,Monday,0.00,34.53,6.74,46.50,51.39,0.00,10932.00,11707.00,22635.66,0.52,0.00,0.00,,,,,
2024-12-30,24,Monday,0.00,31.99,6.67,46.50,51.39,0.00,10732.00,11707.00,22635.66,0.53,0.00,0.00,,,,,
2024-12-31,1,Tuesday,0.00,36.57,6.68,46.50,51.39,0.00,10496.00,11844.00,22635.66,0.54,0.00,0.00,,,,,
2024-12-31,2,Tuesday,0.00,36.46,6.57,46.50,51.39,0.00,10358.00,11844.00,22635.66,0.54,0.00,0.00,,,,,
2024-12-31,3,Tuesday,0.00,36.23,6.14,46.50,51.39,0.00,10280.00,11844.00,22635.66,0.55,0.00,0.00,,,,,
2024-12-31,4,Tuesday,0.00,35.23,5.46,46.50,51.39,0.00,10239.00,11844.00,22635.66,0.55,0.00,0.00,,,,,
2024-12-31,5,Tuesday,0.00,35.45,4.77,46.50,51.39,0.00,10277.00,11844.00,22635.66,0.55,0.00,0.00,,,,,
2024-12-31,6,Tuesday,0.00,35.73,4.33,46.50,51.39,0.00,10397.00,11844.00,22635.66,0.54,0.00,0.00,,,,,
2024-12-31,7,Tuesday,0.00,36.87,3.98,46.50,51.39,0.00,10636.00,11844.00,22635.66,0.53,0.00,0.00,,,,,
2024-12-31,8,Tuesday,0.00,36.79,3.58,46.50,51.39,0.00,10979.00,11844.00,22635.66,0.51,6.41,1.00,,,,,
2024-12-31,9,Tuesday,0.00,42.06,3.73,46.50,51.39,0.00,11252.00,11844.00,22635.66,0.50,2.35,1.00,,,,,
2024-12-31,10,Tuesday,0.00,43.18,3.93,46.50,51.39,0.00,11345.00,11844.00,22635.66,0.50,2.35,1.00,,,,,
2024-12-31,11,Tuesday,0.00,43.96,4.15,46.50,51.39,0.00,11503.00,11844.00,22635.66,0.49,10.06,1.00,,,,,
2024-12-31,12,Tuesday,0.00,46.50,4.48,46.50,51.39,0.00,11613.00,11844.00,22635.66,0.49,7.86,1.00,,,,,
2024-12-31,13,Tuesday,0.00,45.90,4.57,46.50,51.39,0.00,11604.00,11844.00,22635.66,0.49,8.14,1.00,,,,,
2024-12-31,14,Tuesday,0.00,45.90,4.50,46.50,51.39,0.00,11576.00,11844.00,22635.66,0.49,8.14,1.00,,,,,
2024-12-31,15,Tuesday,0.00,45.90,4.36,46.50,51.39,0.00,11544.00,11844.00,22635.66,0.49,8.14,1.00,,,,,
2024-12-31,16,Tuesday,0.00,44.97,4.34,46.50,51.39,0.00,11585.00,11844.00,22635.66,0.49,6.41,1.00,,,,,
2024-12-31,17,Tuesday,0.00,45.14,4.45,46.50,51.39,0.00,11767.00,11844.00,22635.66,0.48,6.41,1.00,,,,,
2024-12-31,18,Tuesday,0.00,44.40,4.40,46.50,51.39,0.00,11844.00,11844.00,22635.66,0.48,0.00,0.00,,,,,
2024-12-31,19,Tuesday,0.00,37.79,4.41,46.50,51.39,0.00,11623.00,11844.00,22635.66,0.49,0.00,0.00,,,,,
2024-12-31,20,Tuesday,0.00,33.32,4.61,46.50,51.39,0.00,11374.00,11844.00,22635.66,0.50,0.00,0.00,,,,,
2024-12-31,21,Tuesday,0.00,35.34,4.69,46.50,51.39,0.00,11228.00,11844.00,22635.66,0.50,0.00,0.00,,,,,
2024-12-31,22,Tuesday,0.00,33.83,4.83,46.50,51.39,0.00,11107.00,11844.00,22635.66,0.51,0.00,0.00,,,,,
2024-12-31,23,Tuesday,0.00,31.64,4.98,46.50,51.39,0.00,10918.00,11844.00,22635.66,0.52,0.00,0.00,,,,,
2024-12-31,24,Tuesday,0.00,32.37,4.96,46.50,51.39,0.00,10745.00,11844.00,22635.66,0.53,18.42,1.00,,,,,
2024-07-01,1,Monday,0.00,14.69,10.36,45.32,481.82,0.00,9257.00,10093.00,20593.08,0.55,7.92,1.00,,,,,
2024-07-01,2,Monday,0.00,16.23,10.01,45.32,481.82,0.00,9048.00,10093.00,20593.08,0.56,16.54,1.00,,,,,
2024-07-01,3,Monday,0.00,15.77,9.34,45.32,481.82,0.00,8985.00,10093.00,20593.08,0.56,16.69,1.00,,,,,
2024-07-01,4,Monday,0.00,13.85,8.70,45.32,481.82,0.00,8919.00,10093.00,20593.08,0.57,0.23,0.00,,,,,
2024-07-01,5,Monday,0.00,13.58,8.15,45.32,481.82,0.00,8889.00,10093.00,20593.08,0.57,0.74,1.00,,,,,
2024-07-01,6,Monday,0.00,13.74,7.56,45.32,481.82,0.00,8807.00,10093.00,20593.08,0.57,0.74,1.00,,,,,
2024-07-01,7,Monday,0.00,14.84,7.06,45.32,481.82,0.00,8787.00,10093.00,20593.08,0.57,9.09,1.00,,,,,
2024-07-01,8,Monday,0.00,13.80,6.62,45.32,481.82,0.00,8944.00,10093.00,20593.08,0.57,0.00,0.00,,,,,
2024-07-01,9,Monday,0.00,14.83,6.43,45.32,481.82,0.00,9159.00,10093.00,20593.08,0.56,0.74,1.00,,,,,
2024-07-01,10,Monday,0.00,16.20,6.49,45.32,481.82,0.00,9364.00,10093.00,20593.08,0.55,12.11,1.00,,,,,
2024-07-01,11,Monday,0.00,17.89,6.48,45.32,481.82,0.00,9579.00,10093.00,20593.08,0.53,12.21,1.00,,,,,
2024-07-01,12,Monday,0.00,18.24,6.39,45.32,481.82,0.00,9722.00,10093.00,20593.08,0.53,19.13,1.00,,,,,
2024-07-01,13,Monday,0.00,12.70,6.43,45.32,481.82,0.00,9843.00,10093.00,20593.08,0.52,0.00,0.00,,,,,
2024-07-01,14,Monday,0.00,10.61,6.51,45.32,481.82,0.00,9860.00,10093.00,20593.08,0.52,0.00,0.00,,,,,
2024-07-01,15,Monday,0.00,13.55,6.37,45.32,481.82,0.00,9887.00,10093.00,20593.08,0.52,0.00,0.00,,,,,
2024-07-01,16,Monday,0.00,13.88,6.09,45.32,481.82,0.00,9841.00,10093.00,20593.08,0.52,0.00,0.00,,,,,
2024-07-01,17,Monday,0.00,19.82,5.70,45.32,481.82,0.00,9980.00,10093.00,20593.08,0.52,11.27,1.00,,,,,
2024-07-01,18,Monday,0.00,20.39,5.24,45.32,481.82,0.00,10093.00,10093.00,20593.08,0.51,9.58,1.00,,,,,
2024-07-01,19,Monday,0.00,31.88,5.66,45.32,481.82,0.00,10014.00,10093.00,20593.08,0.51,34.02,1.00,,,,,
2024-07-01,20,Monday,0.00,36.02,6.42,45.32,481.82,0.00,9899.00,10093.00,20593.08,0.52,34.12,1.00,,,,,
2024-07-01,21,Monday,0.00,45.32,8.23,45.32,481.82,0.00,9805.00,10093.00,20593.08,0.52,5.08,1.00,,,,,
2024-07-01,22,Monday,0.00,41.43,9.23,45.32,481.82,0.00,9760.00,10093.00,20593.08,0.53,9.46,1.00,,,,,
2024-07-01,23,Monday,0.00,28.73,9.35,45.32,481.82,0.00,9682.00,10093.00,20593.08,0.53,5.94,1.00,,,,,
2024-07-01,24,Monday,0.00,28.43,9.48,45.32,481.82,0.00,9415.00,10093.00,20593.08,0.54,3.70,1.00,,,,,
2024-07-02,1,Tuesday,0.00,22.14,7.15,200.15,481.82,0.00,9193.00,10569.00,20593.08,0.55,15.71,1.00,,,,,
2024-07-02,2,Tuesday,0.00,14.06,7.09,200.15,481.82,0.00,9008.00,10569.00,20593.08,0.56,4.02,1.00,,,,,
2024-07-02,3,Tuesday,0.00,9.05,7.03,200.15,481.82,0.00,8927.00,10569.00,20593.08,0.57,0.00,0.00,,,,,
2024-07-02,4,Tuesday,0.00,5.44,6.98,200.15,481.82,0.00,8881.00,10569.00,20593.08,0.57,0.00,0.00,,,,,
2024-07-02,5,Tuesday,0.00,5.44,6.94,200.15,481.82,0.00,8881.00,10569.00,20593.08,0.57,0.00,0.00,,,,,
2024-07-02,6,Tuesday,0.00,4.84,6.90,200.15,481.82,0.00,8897.00,10569.00,20593.08,0.57,0.00,0.00,,,,,
2024-07-02,7,Tuesday,0.00,7.04,6.87,200.15,481.82,0.00,9175.00,10569.00,20593.08,0.55,0.00,0.00,,,,,
2024-07-02,8,Tuesday,0.00,12.98,6.84,200.15,481.82,0.00,9572.00,10569.00,20593.08,0.54,14.95,1.00,,,,,
2024-07-02,9,Tuesday,0.00,26.50,6.82,200.15,481.82,0.00,9834.00,10569.00,20593.08,0.52,15.78,1.00,,,,,
2024-07-02,10,Tuesday,0.00,31.95,6.80,200.15,481.82,0.00,9994.00,10569.00,20593.08,0.51,13.98,1.00,,,,,
2024-07-02,11,Tuesday,0.00,27.44,6.79,200.15,481.82,0.00,10145.00,10569.00,20593.08,0.51,16.42,1.00,,,,,
2024-07-02,12,Tuesday,0.00,26.57,6.78,200.15,481.82,0.00,10310.00,10569.00,20593.08,0.50,8.40,1.00,,,,,
2024-07-02,13,Tuesday,0.00,26.43,6.78,200.15,481.82,0.00,10417.00,10569.00,20593.08,0.49,11.86,1.00,,,,,
2024-07-02,14,Tuesday,0.00,19.35,6.79,200.15,481.82,0.00,10494.00,10569.00,20593.08,0.49,0.00,0.00,,,,,
2024-07-02,15,Tuesday,0.00,25.44,6.80,200.15,481.82,0.00,10569.00,10569.00,20593.08,0.49,8.24,1.00,,,,,
2024-07-02,16,Tuesday,0.00,26.86,6.82,200.15,481.82,0.00,10563.00,10569.00,20593.08,0.49,3.52,1.00,,,,,
2024-07-02,17,Tuesday,0.00,50.35,6.84,200.15,481.82,0.00,10536.00,10569.00,20593.08,0.49,71.20,1.00,,,,,
2024-07-02,18,Tuesday,0.00,21.10,6.87,200.15,481.82,0.00,10504.00,10569.00,20593.08,0.49,0.96,1.00,,,,,
2024-07-02,19,Tuesday,0.00,23.40,6.90,200.15,481.82,0.00,10354.00,10569.00,20593.08,0.50,0.00,0.00,,,,,
2024-07-02,20,Tuesday,0.00,51.48,6.94,200.15,481.82,0.00,10162.00,10569.00,20593.08,0.51,65.11,1.00,,,,,
2024-07-02,21,Tuesday,0.00,200.15,6.98,200.15,481.82,0.00,9982.00,10569.00,20593.08,0.52,73.83,1.00,,,,,
2024-07-02,22,Tuesday,0.00,112.60,7.03,200.15,481.82,0.00,9820.00,10569.00,20593.08,0.52,2.76,1.00,,,,,
2024-07-02,23,Tuesday,0.00,41.40,7.09,200.15,481.82,0.00,9768.00,10569.00,20593.08,0.53,2.58,1.00,,,,,
2024-07-02,24,Tuesday,0.00,47.89,7.15,200.15,481.82,0.00,9471.00,10569.00,20593.08,0.54,40.29,1.00,,,,,
2024-07-03,1,Wednesday,0.00,32.24,7.15,42.01,481.82,0.00,9255.00,10341.00,20593.08,0.55,11.46,1.00,,,,,
2024-07-03,2,Wednesday,0.00,18.87,7.09,42.01,481.82,0.00,9090.00,10341.00,20593.08,0.56,11.45,1.00,,,,,
2024-07-03,3,Wednesday,0.00,14.26,7.03,42.01,481.82,0.00,8984.00,10341.00,20593.08,0.56,3.97,1.00,,,,,
2024-07-03,4,Wednesday,0.00,13.53,6.98,42.01,481.82,0.00,8963.00,10341.00,20593.08,0.56,3.47,1.00,,,,,
2024-07-03,5,Wednesday,0.00,13.46,6.94,42.01,481.82,0.00,9004.00,10341.00,20593.08,0.56,2.97,1.00,,,,,
2024-07-03,6,Wednesday,0.00,15.59,6.90,42.01,481.82,0.00,9083.00,10341.00,20593.08,0.56,14.75,1.00,,,,,
2024-07-03,7,Wednesday,0.00,22.07,6.87,42.01,481.82,0.00,9294.00,10341.00,20593.08,0.55,8.30,1.00,,,,,
2024-07-03,8,Wednesday,0.00,30.29,6.84,42.01,481.82,0.00,9639.00,10341.00,20593.08,0.53,13.73,1.00,,,,,
2024-07-03,9,Wednesday,0.00,42.01,6.82,42.01,481.82,0.00,9798.00,10341.00,20593.08,0.52,9.43,1.00,,,,,
2024-07-03,10,Wednesday,0.00,27.10,6.80,42.01,481.82,0.00,9933.00,10341.00,20593.08,0.52,5.85,1.00,,,,,
2024-07-03,11,Wednesday,0.00,24.72,6.79,42.01,481.82,0.00,10120.00,10341.00,20593.08,0.51,0.00,0.00,,,,,
2024-07-03,12,Wednesday,0.00,33.28,6.78,42.01,481.82,0.00,10214.00,10341.00,20593.08,0.50,35.62,1.00,,,,,
2024-07-03,13,Wednesday,0.00,23.83,6.78,42.01,481.82,0.00,10224.00,10341.00,20593.08,0.50,0.00,0.00,,,,,
2024-07-03,14,Wednesday,0.00,22.50,6.79,42.01,481.82,0.00,10341.00,10341.00,20593.08,0.50,0.00,0.00,,,,,
2024-07-03,15,Wednesday,0.00,23.84,6.80,42.01,481.82,0.00,10324.00,10341.00,20593.08,0.50,8.41,1.00,,,,,
2024-07-03,16,Wednesday,0.00,21.22,6.82,42.01,481.82,0.00,10315.00,10341.00,20593.08,0.50,9.78,1.00,,,,,
2024-07-03,17,Wednesday,0.00,16.50,6.84,42.01,481.82,0.00,10317.00,10341.00,20593.08,0.50,0.00,0.00,,,,,
2024-07-03,18,Wednesday,0.00,14.55,6.87,42.01,481.82,0.00,10245.00,10341.00,20593.08,0.50,0.00,0.00,,,,,
2024-07-03,19,Wednesday,0.00,12.39,6.90,42.01,481.82,0.00,10143.00,10341.00,20593.08,0.51,0.00,0.00,,,,,
2024-07-03,20,Wednesday,0.00,14.80,6.94,42.01,481.82,0.00,10043.00,10341.00,20593.08,0.51,0.00,0.00,,,,,
2024-07-03,21,Wednesday,0.00,25.79,6.98,42.01,481.82,0.00,9951.00,10341.00,20593.08,0.52,0.00,0.00,,,,,
2024-07-03,22,Wednesday,0.00,27.02,7.03,42.01,481.82,0.00,9852.00,10341.00,20593.08,0.52,2.84,1.00,,,,,
2024-07-03,23,Wednesday,0.00,28.22,7.09,42.01,481.82,0.00,9761.00,10341.00,20593.08,0.53,4.53,1.00,,,,,
2024-07-03,24,Wednesday,0.00,26.39,7.15,42.01,481.82,0.00,9445.00,10341.00,20593.08,0.54,9.92,1.00,,,,,
2024-07-04,1,Thursday,0.00,24.51,7.15,290.51,481.82,0.00,9181.00,10562.00,20593.08,0.55,13.02,1.00,,,,,
2024-07-04,2,Thursday,0.00,15.11,7.09,290.51,481.82,0.00,8976.00,10562.00,20593.08,0.56,6.02,1.00,,,,,
2024-07-04,3,Thursday,0.00,12.86,7.03,290.51,481.82,0.00,8873.00,10562.00,20593.08,0.57,3.67,1.00,,,,,
2024-07-04,4,Thursday,0.00,15.89,6.98,290.51,481.82,0.00,8836.00,10562.00,20593.08,0.57,0.00,0.00,,,,,
2024-07-04,5,Thursday,0.00,17.93,6.94,290.51,481.82,0.00,8891.00,10562.00,20593.08,0.57,0.00,0.00,,,,,
2024-07-04,6,Thursday,0.00,23.52,6.90,290.51,481.82,0.00,8930.00,10562.00,20593.08,0.57,5.33,1.00,,,,,
2024-07-04,7,Thursday,0.00,27.60,6.87,290.51,481.82,0.00,9178.00,10562.00,20593.08,0.55,10.75,1.00,,,,,
2024-07-04,8,Thursday,0.00,27.40,6.84,290.51,481.82,0.00,9609.00,10562.00,20593.08,0.53,16.49,1.00,,,,,
2024-07-04,9,Thursday,0.00,37.84,6.82,290.51,481.82,0.00,9861.00,10562.00,20593.08,0.52,39.53,1.00,,,,,
2024-07-04,10,Thursday,0.00,43.54,6.80,290.51,481.82,0.00,9995.00,10562.00,20593.08,0.51,55.95,1.00,,,,,
2024-07-04,11,Thursday,0.00,35.20,6.79,290.51,481.82,0.00,10130.00,10562.00,20593.08,0.51,48.92,1.00,,,,,
2024-07-04,12,Thursday,0.00,27.33,6.78,290.51,481.82,0.00,10278.00,10562.00,20593.08,0.50,9.07,1.00,,,,,
2024-07-04,13,Thursday,0.00,23.73,6.78,290.51,481.82,0.00,10341.00,10562.00,20593.08,0.50,9.86,1.00,,,,,
2024-07-04,14,Thursday,0.00,39.31,6.79,290.51,481.82,0.00,10430.00,10562.00,20593.08,0.49,66.56,1.00,,,,,
2024-07-04,15,Thursday,0.00,26.60,6.80,290.51,481.82,0.00,10431.00,10562.00,20593.08,0.49,5.53,1.00,,,,,
2024-07-04,16,Thursday,0.00,23.53,6.82,290.51,481.82,0.00,10449.00,10562.00,20593.08,0.49,0.00,0.00,,,,,
2024-07-04,17,Thursday,0.00,24.98,6.84,290.51,481.82,0.00,10494.00,10562.00,20593.08,0.49,0.49,1.00,,,,,
2024-07-04,18,Thursday,0.00,28.16,6.87,290.51,481.82,0.00,10562.00,10562.00,20593.08,0.49,11.74,1.00,,,,,
2024-07-04,19,Thursday,0.00,61.34,6.90,290.51,481.82,0.00,10442.00,10562.00,20593.08,0.49,56.94,1.00,,,,,
2024-07-04,20,Thursday,0.00,222.54,6.94,290.51,481.82,0.00,10294.00,10562.00,20593.08,0.50,84.92,1.00,,,,,
2024-07-04,21,Thursday,0.00,290.51,6.98,290.51,481.82,0.00,10104.00,10562.00,20593.08,0.51,89.53,1.00,,,,,
2024-07-04,22,Thursday,0.00,142.79,7.03,290.51,481.82,0.00,9936.00,10562.00,20593.08,0.52,84.05,1.00,,,,,
2024-07-04,23,Thursday,0.00,75.62,7.09,290.51,481.82,0.00,9812.00,10562.00,20593.08,0.52,68.71,1.00,,,,,
2024-07-04,24,Thursday,0.00,49.26,7.15,290.51,481.82,0.00,9580.00,10562.00,20593.08,0.53,3.33,1.00,,,,,
2024-07-05,1,Friday,0.00,26.55,7.15,140.57,481.82,0.00,9282.00,10629.00,20593.08,0.55,1.61,1.00,,,,,
2024-07-05,2,Friday,0.00,15.17,7.09,140.57,481.82,0.00,9173.00,10629.00,20593.08,0.55,0.00,0.00,,,,,
2024-07-05,3,Friday,0.00,10.25,7.03,140.57,481.82,0.00,9048.00,10629.00,20593.08,0.56,0.00,0.00,,,,,
2024-07-05,4,Friday,0.00,8.30,6.98,140.57,481.82,0.00,8975.00,10629.00,20593.08,0.56,0.00,0.00,,,,,
2024-07-05,5,Friday,0.00,13.24,6.94,140.57,481.82,0.00,8965.00,10629.00,20593.08,0.56,1.79,1.00,,,,,
2024-07-05,6,Friday,0.00,15.37,6.90,140.57,481.82,0.00,9005.00,10629.00,20593.08,0.56,0.00,0.00,,,,,
2024-07-05,7,Friday,0.00,23.78,6.87,140.57,481.82,0.00,9254.00,10629.00,20593.08,0.55,9.75,1.00,,,,,
2024-07-05,8,Friday,0.00,25.55,6.84,140.57,481.82,0.00,9604.00,10629.00,20593.08,0.53,11.41,1.00,,,,,
2024-07-05,9,Friday,0.00,29.08,6.82,140.57,481.82,0.00,9866.00,10629.00,20593.08,0.52,19.51,1.00,,,,,
2024-07-05,10,Friday,0.00,61.22,6.80,140.57,481.82,0.00,10051.00,10629.00,20593.08,0.51,50.77,1.00,,,,,
2024-07-05,11,Friday,0.00,73.58,6.79,140.57,481.82,0.00,10251.00,10629.00,20593.08,0.50,81.96,1.00,,,,,
2024-07-05,12,Friday,0.00,52.71,6.78,140.57,481.82,0.00,10381.00,10629.00,20593.08,0.50,50.77,1.00,,,,,
2024-07-05,13,Friday,0.00,49.01,6.78,140.57,481.82,0.00,10427.00,10629.00,20593.08,0.49,41.76,1.00,,,,,
2024-07-05,14,Friday,0.00,44.96,6.79,140.57,481.82,0.00,10478.00,10629.00,20593.08,0.49,30.79,1.00,,,,,
2024-07-05,15,Friday,0.00,37.72,6.80,140.57,481.82,0.00,10498.00,10629.00,20593.08,0.49,30.32,1.00,,,,,
2024-07-05,16,Friday,0.00,29.96,6.82,140.57,481.82,0.00,10551.00,10629.00,20593.08,0.49,12.19,1.00,,,,,
2024-07-05,17,Friday,0.00,29.14,6.84,140.57,481.82,0.00,10623.00,10629.00,20593.08,0.48,11.02,1.00,,,,,
2024-07-05,18,Friday,0.00,29.81,6.87,140.57,481.82,0.00,10629.00,10629.00,20593.08,0.48,14.29,1.00,,,,,
2024-07-05,19,Friday,0.00,48.89,6.90,140.57,481.82,0.00,10494.00,10629.00,20593.08,0.49,50.06,1.00,,,,,
2024-07-05,20,Friday,0.00,97.65,6.94,140.57,481.82,0.00,10363.00,10629.00,20593.08,0.50,81.26,1.00,,,,,
2024-07-05,21,Friday,0.00,140.57,6.98,140.57,481.82,0.00,10210.00,10629.00,20593.08,0.50,81.26,1.00,,,,,
2024-07-05,22,Friday,0.00,94.66,7.03,140.57,481.82,0.00,10026.00,10629.00,20593.08,0.51,73.79,1.00,,,,,
2024-07-05,23,Friday,0.00,47.43,7.09,140.57,481.82,0.00,9956.00,10629.00,20593.08,0.52,56.09,1.00,,,,,
2024-07-05,24,Friday,1.00,27.34,7.15,140.57,481.82,0.00,9725.00,10629.00,20593.08,0.53,4.19,1.00,,,,,
2024-07-06,1,Saturday,1.00,26.56,7.15,543.18,481.82,0.00,9442.00,10417.00,20593.08,0.54,4.11,1.00,,,,,
2024-07-06,2,Saturday,1.00,22.45,7.09,543.18,481.82,0.00,9206.00,10417.00,20593.08,0.55,0.00,0.00,,,,,
2024-07-06,3,Saturday,1.00,20.00,7.03,543.18,481.82,0.00,9051.00,10417.00,20593.08,0.56,0.00,0.00,,,,,
2024-07-06,4,Saturday,1.00,14.31,6.98,543.18,481.82,0.00,8854.00,10417.00,20593.08,0.57,0.00,0.00,,,,,
2024-07-06,5,Saturday,1.00,10.92,6.94,543.18,481.82,0.00,8822.00,10417.00,20593.08,0.57,0.00,0.00,,,,,
2024-07-06,6,Saturday,1.00,7.48,6.90,543.18,481.82,0.00,8728.00,10417.00,20593.08,0.58,0.00,0.00,,,,,
2024-07-06,7,Saturday,1.00,9.48,6.87,543.18,481.82,0.00,8796.00,10417.00,20593.08,0.57,0.00,0.00,,,,,
2024-07-06,8,Saturday,1.00,5.49,6.84,543.18,481.82,0.00,9010.00,10417.00,20593.08,0.56,0.00,0.00,,,,,
2024-07-06,9,Saturday,1.00,12.58,6.82,543.18,481.82,0.00,9300.00,10417.00,20593.08,0.55,0.00,0.00,,,,,
2024-07-06,10,Saturday,1.00,23.15,6.80,543.18,481.82,0.00,9637.00,10417.00,20593.08,0.53,0.00,0.00,,,,,
2024-07-06,11,Saturday,1.00,29.79,6.79,543.18,481.82,0.00,9912.00,10417.00,20593.08,0.52,2.61,1.00,,,,,
2024-07-06,12,Saturday,1.00,28.95,6.78,543.18,481.82,0.00,10125.00,10417.00,20593.08,0.51,1.49,1.00,,,,,
2024-07-06,13,Saturday,1.00,24.60,6.78,543.18,481.82,0.00,10178.00,10417.00,20593.08,0.51,0.00,0.00,,,,,
2024-07-06,14,Saturday,1.00,24.24,6.79,543.18,481.82,0.00,10261.00,10417.00,20593.08,0.50,0.00,0.00,,,,,
2024-07-06,15,Saturday,1.00,32.07,6.80,543.18,481.82,0.00,10296.00,10417.00,20593.08,0.50,33.31,1.00,,,,,
2024-07-06,16,Saturday,1.00,28.93,6.82,543.18,481.82,0.00,10348.00,10417.00,20593.08,0.50,0.00,0.00,,,,,
2024-07-06,17,Saturday,1.00,68.12,6.84,543.18,481.82,0.00,10404.00,10417.00,20593.08,0.49,1.49,1.00,,,,,
2024-07-06,18,Saturday,1.00,31.20,6.87,543.18,481.82,0.00,10417.00,10417.00,20593.08,0.49,3.82,1.00,,,,,
2024-07-06,19,Saturday,1.00,63.26,6.90,543.18,481.82,0.00,10413.00,10417.00,20593.08,0.49,55.08,1.00,,,,,
2024-07-06,20,Saturday,1.00,83.06,6.94,543.18,481.82,0.00,10309.00,10417.00,20593.08,0.50,2.61,1.00,,,,,
2024-07-06,21,Saturday,1.00,543.18,6.98,543.18,481.82,1.00,10177.00,10417.00,20593.08,0.51,81.02,1.00,,,,,
2024-07-06,22,Saturday,1.00,497.87,7.03,543.18,481.82,1.00,9890.00,10417.00,20593.08,0.52,93.36,1.00,,,,,
2024-07-06,23,Saturday,1.00,412.35,7.09,543.18,481.82,0.00,9760.00,10417.00,20593.08,0.53,92.82,1.00,,,,,
2024-07-06,24,Saturday,1.00,192.61,7.15,543.18,481.82,0.00,9545.00,10417.00,20593.08,0.54,85.49,1.00,,,,,
2024-07-07,1,Sunday,1.00,80.00,7.15,167.53,481.82,0.00,9336.00,10774.00,20593.08,0.55,18.09,1.00,,,,,
2024-07-07,2,Sunday,1.00,28.88,7.09,167.53,481.82,0.00,9226.00,10774.00,20593.08,0.55,14.98,1.00,,,,,
2024-07-07,3,Sunday,1.00,27.04,7.03,167.53,481.82,0.00,9064.00,10774.00,20593.08,0.56,12.87,1.00,,,,,
2024-07-07,4,Sunday,1.00,27.07,6.98,167.53,481.82,0.00,8991.00,10774.00,20593.08,0.56,0.84,1.00,,,,,
2024-07-07,5,Sunday,1.00,27.28,6.94,167.53,481.82,0.00,8971.00,10774.00,20593.08,0.56,11.70,1.00,,,,,
2024-07-07,6,Sunday,1.00,27.53,6.90,167.53,481.82,0.00,8863.00,10774.00,20593.08,0.57,13.63,1.00,,,,,
2024-07-07,7,Sunday,1.00,28.05,6.87,167.53,481.82,0.00,8879.00,10774.00,20593.08,0.57,5.20,1.00,,,,,
2024-07-07,8,Sunday,1.00,26.75,6.84,167.53,481.82,0.00,9080.00,10774.00,20593.08,0.56,11.63,1.00,,,,,
2024-07-07,9,Sunday,1.00,27.28,6.82,167.53,481.82,0.00,9360.00,10774.00,20593.08,0.55,12.77,1.00,,,,,
2024-07-07,10,Sunday,1.00,25.41,6.80,167.53,481.82,0.00,9692.00,10774.00,20593.08,0.53,8.84,1.00,,,,,
2024-07-07,11,Sunday,1.00,27.93,6.79,167.53,481.82,0.00,9969.00,10774.00,20593.08,0.52,15.76,1.00,,,,,
2024-07-07,12,Sunday,1.00,28.63,6.78,167.53,481.82,0.00,10150.00,10774.00,20593.08,0.51,5.06,1.00,,,,,
2024-07-07,13,Sunday,1.00,28.85,6.78,167.53,481.82,0.00,10278.00,10774.00,20593.08,0.50,7.82,1.00,,,,,
2024-07-07,14,Sunday,1.00,26.49,6.79,167.53,481.82,0.00,10336.00,10774.00,20593.08,0.50,0.00,0.00,,,,,
2024-07-07,15,Sunday,1.00,26.70,6.80,167.53,481.82,0.00,10403.00,10774.00,20593.08,0.49,0.40,1.00,,,,,
2024-07-07,16,Sunday,1.00,28.19,6.82,167.53,481.82,0.00,10537.00,10774.00,20593.08,0.49,5.59,1.00,,,,,
2024-07-07,17,Sunday,1.00,28.77,6.84,167.53,481.82,0.00,10647.00,10774.00,20593.08,0.48,7.55,1.00,,,,,
2024-07-07,18,Sunday,1.00,31.67,6.87,167.53,481.82,0.00,10741.00,10774.00,20593.08,0.48,7.58,1.00,,,,,
2024-07-07,19,Sunday,1.00,56.19,6.90,167.53,481.82,0.00,10752.00,10774.00,20593.08,0.48,50.48,1.00,,,,,
2024-07-07,20,Sunday,1.00,167.53,6.94,167.53,481.82,0.00,10774.00,10774.00,20593.08,0.48,81.08,1.00,,,,,
2024-07-07,21,Sunday,1.00,159.48,6.98,167.53,481.82,0.00,10635.00,10774.00,20593.08,0.48,81.17,1.00,,,,,
2024-07-07,22,Sunday,1.00,126.48,7.03,167.53,481.82,0.00,10464.00,10774.00,20593.08,0.49,76.42,1.00,,,,,
2024-07-07,23,Sunday,1.00,36.17,7.09,167.53,481.82,0.00,10342.00,10774.00,20593.08,0.50,13.05,1.00,,,,,
2024-07-07,24,Sunday,0.00,26.12,7.15,167.53,481.82,0.00,10001.00,10774.00,20593.08,0.51,8.57,1.00,,,,,
2024-07-08,1,Monday,0.00,16.59,7.15,999.99,481.82,0.00,9659.00,11599.00,20593.08,0.53,0.00,0.00,,,,,
2024-07-08,2,Monday,0.00,13.84,7.09,999.99,481.82,0.00,9426.00,11599.00,20593.08,0.54,0.00,0.00,,,,,
2024-07-08,3,Monday,0.00,14.79,7.03,999.99,481.82,0.00,9259.00,11599.00,20593.08,0.55,0.00,0.00,,,,,
2024-07-08,4,Monday,0.00,14.95,6.98,999.99,481.82,0.00,9160.00,11599.00,20593.08,0.56,0.00,0.00,,,,,
2024-07-08,5,Monday,0.00,17.83,6.94,999.99,481.82,0.00,9159.00,11599.00,20593.08,0.56,0.00,0.00,,,,,
2024-07-08,6,Monday,0.00,23.17,6.90,999.99,481.82,0.00,9215.00,11599.00,20593.08,0.55,0.00,0.00,,,,,
2024-07-08,7,Monday,0.00,25.02,6.87,999.99,481.82,0.00,9482.00,11599.00,20593.08,0.54,0.00,0.00,,,,,
2024-07-08,8,Monday,0.00,23.50,6.84,999.99,481.82,0.00,9909.00,11599.00,20593.08,0.52,0.00,0.00,,,,,
2024-07-08,9,Monday,0.00,25.93,6.82,999.99,481.82,0.00,10305.00,11599.00,20593.08,0.50,0.00,0.00,,,,,
2024-07-08,10,Monday,0.00,149.55,6.80,999.99,481.82,0.00,10623.00,11599.00,20593.08,0.48,82.71,1.00,,,,,
2024-07-08,11,Monday,0.00,238.54,6.79,999.99,481.82,0.00,10831.00,11599.00,20593.08,0.47,82.95,1.00,,,,,
2024-07-08,12,Monday,0.00,404.29,6.78,999.99,481.82,0.00,11051.00,11599.00,20593.08,0.46,93.69,1.00,,,,,
2024-07-08,13,Monday,0.00,226.89,6.78,999.99,481.82,0.00,11241.00,11599.00,20593.08,0.45,87.20,1.00,,,,,
2024-07-08,14,Monday,0.00,291.02,6.79,999.99,481.82,0.00,11388.00,11599.00,20593.08,0.45,90.16,1.00,,,,,
2024-07-08,15,Monday,0.00,412.27,6.80,999.99,481.82,0.00,11477.00,11599.00,20593.08,0.44,93.62,1.00,,,,,
2024-07-08,16,Monday,0.00,277.58,6.82,999.99,481.82,0.00,11490.00,11599.00,20593.08,0.44,88.85,1.00,,,,,
2024-07-08,17,Monday,0.00,299.27,6.84,999.99,481.82,0.00,11578.00,11599.00,20593.08,0.44,90.16,1.00,,,,,
2024-07-08,18,Monday,0.00,432.93,6.87,999.99,481.82,0.00,11599.00,11599.00,20593.08,0.44,93.08,1.00,,,,,
2024-07-08,19,Monday,0.00,730.45,6.90,999.99,481.82,1.00,11436.00,11599.00,20593.08,0.44,95.59,1.00,,,,,
2024-07-08,20,Monday,0.00,849.21,6.94,999.99,481.82,1.00,11292.00,11599.00,20593.08,0.45,95.36,1.00,,,,,
2024-07-08,21,Monday,0.00,999.99,6.98,999.99,481.82,1.00,11101.00,11599.00,20593.08,0.46,0.00,0.00,,,,,
2024-07-08,22,Monday,0.00,942.80,7.03,999.99,481.82,1.00,10842.00,11599.00,20593.08,0.47,0.00,0.00,,,,,
2024-07-08,23,Monday,0.00,630.91,7.09,999.99,481.82,1.00,10590.00,11599.00,20593.08,0.49,95.21,1.00,,,,,
2024-07-08,24,Monday,0.00,154.15,7.15,999.99,481.82,0.00,10158.00,11599.00,20593.08,0.51,51.97,1.00,,,,,
2024-07-09,1,Tuesday,0.00,59.31,7.15,825.28,481.82,0.00,9861.00,11820.00,20593.08,0.52,50.31,1.00,,,,,
2024-07-09,2,Tuesday,0.00,34.47,7.09,825.28,481.82,0.00,9643.00,11820.00,20593.08,0.53,0.00,0.00,,,,,
2024-07-09,3,Tuesday,0.00,29.05,7.03,825.28,481.82,0.00,9486.00,11820.00,20593.08,0.54,0.00,0.00,,,,,
2024-07-09,4,Tuesday,0.00,29.06,6.98,825.28,481.82,0.00,9406.00,11820.00,20593.08,0.54,0.00,0.00,,,,,
2024-07-09,5,Tuesday,0.00,28.55,6.94,825.28,481.82,0.00,9395.00,11820.00,20593.08,0.54,0.00,0.00,,,,,
2024-07-09,6,Tuesday,0.00,31.92,6.90,825.28,481.82,0.00,9416.00,11820.00,20593.08,0.54,0.00,0.00,,,,,
2024-07-09,7,Tuesday,0.00,42.76,6.87,825.28,481.82,0.00,9686.00,11820.00,20593.08,0.53,22.93,1.00,,,,,
2024-07-09,8,Tuesday,0.00,27.74,6.84,825.28,481.82,0.00,10123.00,11820.00,20593.08,0.51,0.00,0.00,,,,,
2024-07-09,9,Tuesday,0.00,26.72,6.82,825.28,481.82,0.00,10513.00,11820.00,20593.08,0.49,0.00,0.00,,,,,
2024-07-09,10,Tuesday,0.00,27.12,6.80,825.28,481.82,0.00,10881.00,11820.00,20593.08,0.47,0.00,0.00,,,,,
2024-07-09,11,Tuesday,0.00,63.40,6.79,825.28,481.82,0.00,11208.00,11820.00,20593.08,0.46,47.40,1.00,,,,,
2024-07-09,12,Tuesday,0.00,190.07,6.78,825.28,481.82,0.00,11529.00,11820.00,20593.08,0.44,84.58,1.00,,,,,
2024-07-09,13,Tuesday,0.00,195.58,6.78,825.28,481.82,0.00,11629.00,11820.00,20593.08,0.44,83.48,1.00,,,,,
2024-07-09,14,Tuesday,0.00,532.71,6.79,825.28,481.82,1.00,11622.00,11820.00,20593.08,0.44,93.98,1.00,,,,,
2024-07-09,15,Tuesday,0.00,825.28,6.80,825.28,481.82,1.00,11673.00,11820.00,20593.08,0.43,25.19,1.00,,,,,
2024-07-09,16,Tuesday,0.00,749.86,6.82,825.28,481.82,1.00,11722.00,11820.00,20593.08,0.43,74.79,1.00,,,,,
2024-07-09,17,Tuesday,0.00,714.99,6.84,825.28,481.82,1.00,11782.00,11820.00,20593.08,0.43,93.95,1.00,,,,,
2024-07-09,18,Tuesday,0.00,595.97,6.87,825.28,481.82,1.00,11820.00,11820.00,20593.08,0.43,93.71,1.00,,,,,
2024-07-09,19,Tuesday,0.00,570.51,6.90,825.28,481.82,1.00,11794.00,11820.00,20593.08,0.43,94.17,1.00,,,,,
2024-07-09,20,Tuesday,0.00,371.29,6.94,825.28,481.82,0.00,11747.00,11820.00,20593.08,0.43,83.18,1.00,,,,,
2024-07-09,21,Tuesday,0.00,348.92,6.98,825.28,481.82,0.00,11644.00,11820.00,20593.08,0.43,82.61,1.00,,,,,
2024-07-09,22,Tuesday,0.00,50.74,7.03,825.28,481.82,0.00,11541.00,11820.00,20593.08,0.44,16.06,1.00,,,,,
2024-07-09,23,Tuesday,0.00,25.95,7.09,825.28,481.82,0.00,11338.00,11820.00,20593.08,0.45,0.00,0.00,,,,,
2024-07-09,24,Tuesday,0.00,17.20,7.15,825.28,481.82,0.00,10965.00,11820.00,20593.08,0.47,0.00,0.00,,,,,
2024-07-10,1,Wednesday,0.00,5.81,7.15,999.99,481.82,0.00,10495.00,12122.00,20593.08,0.49,0.00,0.00,,,,,
2024-07-10,2,Wednesday,0.00,10.52,7.09,999.99,481.82,0.00,10187.00,12122.00,20593.08,0.51,0.00,0.00,,,,,
2024-07-10,3,Wednesday,0.00,10.50,7.03,999.99,481.82,0.00,9999.00,12122.00,20593.08,0.51,0.00,0.00,,,,,
2024-07-10,4,Wednesday,0.00,12.33,6.98,999.99,481.82,0.00,9874.00,12122.00,20593.08,0.52,0.00,0.00,,,,,
2024-07-10,5,Wednesday,0.00,13.18,6.94,999.99,481.82,0.00,9828.00,12122.00,20593.08,0.52,0.00,0.00,,,,,
2024-07-10,6,Wednesday,0.00,10.03,6.90,999.99,481.82,0.00,9825.00,12122.00,20593.08,0.52,0.00,0.00,,,,,
2024-07-10,7,Wednesday,0.00,13.23,6.87,999.99,481.82,0.00,10080.00,12122.00,20593.08,0.51,0.00,0.00,,,,,
2024-07-10,8,Wednesday,0.00,11.52,6.84,999.99,481.82,0.00,10432.00,12122.00,20593.08,0.49,0.00,0.00,,,,,
2024-07-10,9,Wednesday,0.00,10.02,6.82,999.99,481.82,0.00,10831.00,12122.00,20593.08,0.47,0.00,0.00,,,,,
2024-07-10,10,Wednesday,0.00,14.80,6.80,999.99,481.82,0.00,11201.00,12122.00,20593.08,0.46,0.00,0.00,,,,,
2024-07-10,11,Wednesday,0.00,23.58,6.79,999.99,481.82,0.00,11545.00,12122.00,20593.08,0.44,0.00,0.00,,,,,
2024-07-10,12,Wednesday,0.00,27.21,6.78,999.99,481.82,0.00,11837.00,12122.00,20593.08,0.43,0.00,0.00,,,,,
2024-07-10,13,Wednesday,0.00,26.50,6.78,999.99,481.82,0.00,11794.00,12122.00,20593.08,0.43,0.00,0.00,,,,,
2024-07-10,14,Wednesday,0.00,53.60,6.79,999.99,481.82,0.00,11903.00,12122.00,20593.08,0.42,45.05,1.00,,,,,
2024-07-10,15,Wednesday,0.00,238.80,6.80,999.99,481.82,0.00,12043.00,12122.00,20593.08,0.42,88.41,1.00,,,,,
2024-07-10,16,Wednesday,0.00,507.08,6.82,999.99,481.82,1.00,12043.00,12122.00,20593.08,0.42,93.87,1.00,,,,,
2024-07-10,17,Wednesday,0.00,630.70,6.84,999.99,481.82,1.00,12122.00,12122.00,20593.08,0.41,75.10,1.00,,,,,
2024-07-10,18,Wednesday,0.00,457.22,6.87,999.99,481.82,0.00,12076.00,12122.00,20593.08,0.41,93.49,1.00,,,,,
2024-07-10,19,Wednesday,0.00,681.11,6.90,999.99,481.82,1.00,11932.00,12122.00,20593.08,0.42,95.34,1.00,,,,,
2024-07-10,20,Wednesday,0.00,999.99,6.94,999.99,481.82,1.00,11805.00,12122.00,20593.08,0.43,0.00,0.00,,,,,
2024-07-10,21,Wednesday,0.00,739.75,6.98,999.99,481.82,1.00,11603.00,12122.00,20593.08,0.44,95.51,1.00,,,,,
2024-07-10,22,Wednesday,0.00,238.56,7.03,999.99,481.82,0.00,11333.00,12122.00,20593.08,0.45,76.26,1.00,,,,,
2024-07-10,23,Wednesday,0.00,68.66,7.09,999.99,481.82,0.00,11141.00,12122.00,20593.08,0.46,38.98,1.00,,,,,
2024-07-10,24,Wednesday,0.00,37.48,7.15,999.99,481.82,0.00,10828.00,12122.00,20593.08,0.47,0.00,0.00,,,,,
2024-07-11,1,Thursday,0.00,26.53,7.15,275.15,481.82,0.00,10453.00,11975.00,20593.08,0.49,0.00,0.00,,,,,
2024-07-11,2,Thursday,0.00,24.97,7.09,275.15,481.82,0.00,10195.00,11975.00,20593.08,0.50,0.00,0.00,,,,,
2024-07-11,3,Thursday,0.00,28.29,7.03,275.15,481.82,0.00,9943.00,11975.00,20593.08,0.52,11.84,1.00,,,,,
2024-07-11,4,Thursday,0.00,29.24,6.98,275.15,481.82,0.00,9815.00,11975.00,20593.08,0.52,15.17,1.00,,,,,
2024-07-11,5,Thursday,0.00,31.58,6.94,275.15,481.82,0.00,9810.00,11975.00,20593.08,0.52,13.72,1.00,,,,,
2024-07-11,6,Thursday,0.00,29.59,6.90,275.15,481.82,0.00,9769.00,11975.00,20593.08,0.53,13.19,1.00,,,,,
2024-07-11,7,Thursday,0.00,32.28,6.87,275.15,481.82,0.00,9982.00,11975.00,20593.08,0.52,12.99,1.00,,,,,
2024-07-11,8,Thursday,0.00,35.06,6.84,275.15,481.82,0.00,10386.00,11975.00,20593.08,0.50,26.09,1.00,,,,,
2024-07-11,9,Thursday,0.00,42.06,6.82,275.15,481.82,0.00,10720.00,11975.00,20593.08,0.48,26.09,1.00,,,,,
2024-07-11,10,Thursday,0.00,91.09,6.80,275.15,481.82,0.00,10975.00,11975.00,20593.08,0.47,71.76,1.00,,,,,
2024-07-11,11,Thursday,0.00,45.15,6.79,275.15,481.82,0.00,11212.00,11975.00,20593.08,0.46,36.22,1.00,,,,,
2024-07-11,12,Thursday,0.00,47.46,6.78,275.15,481.82,0.00,11468.00,11975.00,20593.08,0.44,38.23,1.00,,,,,
2024-07-11,13,Thursday,0.00,36.19,6.78,275.15,481.82,0.00,11590.00,11975.00,20593.08,0.44,28.18,1.00,,,,,
2024-07-11,14,Thursday,0.00,65.96,6.79,275.15,481.82,0.00,11707.00,11975.00,20593.08,0.43,38.75,1.00,,,,,
2024-07-11,15,Thursday,0.00,137.02,6.80,275.15,481.82,0.00,11785.00,11975.00,20593.08,0.43,80.87,1.00,,,,,
2024-07-11,16,Thursday,0.00,116.02,6.82,275.15,481.82,0.00,11874.00,11975.00,20593.08,0.42,77.45,1.00,,,,,
2024-07-11,17,Thursday,0.00,117.90,6.84,275.15,481.82,0.00,11975.00,11975.00,20593.08,0.42,77.45,1.00,,,,,
2024-07-11,18,Thursday,0.00,227.55,6.87,275.15,481.82,0.00,11924.00,11975.00,20593.08,0.42,86.39,1.00,,,,,
2024-07-11,19,Thursday,0.00,275.15,6.90,275.15,481.82,0.00,11727.00,11975.00,20593.08,0.43,89.30,1.00,,,,,
2024-07-11,20,Thursday,0.00,273.28,6.94,275.15,481.82,0.00,11562.00,11975.00,20593.08,0.44,89.68,1.00,,,,,
2024-07-11,21,Thursday,0.00,123.80,6.98,275.15,481.82,0.00,11339.00,11975.00,20593.08,0.45,77.10,1.00,,,,,
2024-07-11,22,Thursday,0.00,58.93,7.03,275.15,481.82,0.00,11083.00,11975.00,20593.08,0.46,38.94,1.00,,,,,
2024-07-11,23,Thursday,0.00,29.71,7.09,275.15,481.82,0.00,10892.00,11975.00,20593.08,0.47,4.70,1.00,,,,,
2024-07-11,24,Thursday,0.00,22.98,7.15,275.15,481.82,0.00,10551.00,11975.00,20598.00,0.49,0.00,0.00,,,,,
2024-07-12,1,Friday,0.00,15.61,7.15,71.45,481.82,0.00,10201.00,11287.00,20598.00,0.50,18.64,1.00,,,,,
2024-07-12,2,Friday,0.00,12.03,7.09,71.45,481.82,0.00,9932.00,11287.00,20598.00,0.52,16.73,1.00,,,,,
2024-07-12,3,Friday,0.00,4.84,7.03,71.45,481.82,0.00,9715.00,11287.00,20598.00,0.53,0.00,0.00,,,,,
2024-07-12,4,Friday,0.00,0.00,6.98,71.45,481.82,0.00,9555.00,11287.00,20598.00,0.54,0.00,0.00,,,,,
2024-07-12,5,Friday,0.00,7.36,6.94,71.45,481.82,0.00,9518.00,11287.00,20598.00,0.54,30.69,1.00,,,,,
2024-07-12,6,Friday,0.00,8.17,6.90,71.45,481.82,0.00,9539.00,11287.00,20598.00,0.54,8.41,1.00,,,,,
2024-07-12,7,Friday,0.00,8.81,6.87,71.45,481.82,0.00,9702.00,11287.00,20598.00,0.53,8.41,1.00,,,,,
2024-07-12,8,Friday,0.00,12.00,6.84,71.45,481.82,0.00,10022.00,11287.00,20598.00,0.51,5.05,1.00,,,,,
2024-07-12,9,Friday,0.00,12.14,6.82,71.45,481.82,0.00,10379.00,11287.00,20598.00,0.50,3.84,1.00,,,,,
2024-07-12,10,Friday,0.00,16.24,6.80,71.45,481.82,0.00,10570.00,11287.00,20598.00,0.49,0.00,0.00,,,,,
2024-07-12,11,Friday,0.00,17.70,6.79,71.45,481.82,0.00,10783.00,11287.00,20598.00,0.48,0.00,0.00,,,,,
2024-07-12,12,Friday,0.00,18.43,6.78,71.45,481.82,0.00,10885.00,11287.00,20598.00,0.47,0.00,0.00,,,,,
2024-07-12,13,Friday,0.00,18.17,6.78,71.45,481.82,0.00,10951.00,11287.00,20598.00,0.47,0.00,0.00,,,,,
2024-07-12,14,Friday,0.00,22.03,6.79,71.45,481.82,0.00,11038.00,11287.00,20598.00,0.46,4.36,1.00,,,,,
2024-07-12,15,Friday,0.00,21.47,6.80,71.45,481.82,0.00,11053.00,11287.00,20598.00,0.46,0.00,0.00,,,,,
2024-07-12,16,Friday,0.00,21.55,6.82,71.45,481.82,0.00,11113.00,11287.00,20598.00,0.46,4.36,1.00,,,,,
2024-07-12,17,Friday,0.00,29.90,6.84,71.45,481.82,0.00,11222.00,11287.00,20598.00,0.46,21.32,1.00,,,,,
2024-07-12,18,Friday,0.00,32.41,6.87,71.45,481.82,0.00,11287.00,11287.00,20598.00,0.45,27.98,1.00,,,,,
2024-07-12,19,Friday,0.00,71.45,6.90,71.45,481.82,0.00,11150.00,11287.00,20598.00,0.46,79.02,1.00,,,,,
2024-07-12,20,Friday,0.00,50.20,6.94,71.45,481.82,0.00,10958.00,11287.00,20598.00,0.47,42.34,1.00,,,,,
2024-07-12,21,Friday,0.00,64.25,6.98,71.45,481.82,0.00,10775.00,11287.00,20598.00,0.48,62.98,1.00,,,,,
2024-07-12,22,Friday,0.00,50.95,7.03,71.45,481.82,0.00,10512.00,11287.00,20598.00,0.49,45.20,1.00,,,,,
2024-07-12,23,Friday,0.00,27.70,7.09,71.45,481.82,0.00,10370.00,11287.00,20598.00,0.50,16.04,1.00,,,,,
2024-07-12,24,Friday,1.00,24.93,7.15,71.45,481.82,0.00,10061.00,11287.00,20598.00,0.51,17.07,1.00,,,,,
2024-07-13,1,Saturday,1.00,22.28,7.15,29.89,481.82,0.00,9735.00,10916.00,20598.00,0.53,11.08,1.00,,,,,
2024-07-13,2,Saturday,1.00,20.47,7.09,29.89,481.82,0.00,9530.00,10916.00,20598.00,0.54,6.47,1.00,,,,,
2024-07-13,3,Saturday,1.00,15.53,7.03,29.89,481.82,0.00,9387.00,10916.00,20598.00,0.54,0.00,0.00,,,,,
2024-07-13,4,Saturday,1.00,16.05,6.98,29.89,481.82,0.00,9281.00,10916.00,20598.00,0.55,0.00,0.00,,,,,
2024-07-13,5,Saturday,1.00,23.13,6.94,29.89,481.82,0.00,9262.00,10916.00,20598.00,0.55,22.06,1.00,,,,,
2024-07-13,6,Saturday,1.00,24.91,6.90,29.89,481.82,0.00,9234.00,10916.00,20598.00,0.55,21.17,1.00,,,,,
2024-07-13,7,Saturday,1.00,18.83,6.87,29.89,481.82,0.00,9259.00,10916.00,20598.00,0.55,0.00,0.00,,,,,
2024-07-13,8,Saturday,1.00,17.99,6.84,29.89,481.82,0.00,9451.00,10916.00,20598.00,0.54,0.00,0.00,,,,,
2024-07-13,9,Saturday,1.00,28.51,6.82,29.89,481.82,0.00,9718.00,10916.00,20598.00,0.53,22.33,1.00,,,,,
2024-07-13,10,Saturday,1.00,29.82,6.80,29.89,481.82,0.00,9977.00,10916.00,20598.00,0.52,16.35,1.00,,,,,
2024-07-13,11,Saturday,1.00,29.89,6.79,29.89,481.82,0.00,10221.00,10916.00,20598.00,0.50,18.37,1.00,,,,,
2024-07-13,12,Saturday,1.00,29.45,6.78,29.89,481.82,0.00,10401.00,10916.00,20598.00,0.50,15.65,1.00,,,,,
2024-07-13,13,Saturday,1.00,24.81,6.78,29.89,481.82,0.00,10565.00,10916.00,20598.00,0.49,0.00,0.00,,,,,
2024-07-13,14,Saturday,1.00,20.97,6.79,29.89,481.82,0.00,10660.00,10916.00,20598.00,0.48,0.00,0.00,,,,,
2024-07-13,15,Saturday,1.00,14.75,6.80,29.89,481.82,0.00,10681.00,10916.00,20598.00,0.48,0.00,0.00,,,,,
2024-07-13,16,Saturday,1.00,8.27,6.82,29.89,481.82,0.00,10762.00,10916.00,20598.00,0.48,0.00,0.00,,,,,
2024-07-13,17,Saturday,1.00,8.51,6.84,29.89,481.82,0.00,10893.00,10916.00,20598.00,0.47,0.00,0.00,,,,,
2024-07-13,18,Saturday,1.00,17.62,6.87,29.89,481.82,0.00,10916.00,10916.00,20598.00,0.47,0.00,0.00,,,,,
2024-07-13,19,Saturday,1.00,26.63,6.90,29.89,481.82,0.00,10846.00,10916.00,20598.00,0.47,16.76,1.00,,,,,
2024-07-13,20,Saturday,1.00,29.43,6.94,29.89,481.82,0.00,10754.00,10916.00,20598.00,0.48,16.35,1.00,,,,,
2024-07-13,21,Saturday,1.00,27.94,6.98,29.89,481.82,0.00,10608.00,10916.00,20598.00,0.48,15.65,1.00,,,,,
2024-07-13,22,Saturday,1.00,17.59,7.03,29.89,481.82,0.00,10370.00,10916.00,20598.00,0.50,0.00,0.00,,,,,
2024-07-13,23,Saturday,1.00,15.91,7.09,29.89,481.82,0.00,10246.00,10916.00,20598.00,0.50,0.00,0.00,,,,,
2024-07-13,24,Saturday,1.00,22.21,7.15,29.89,481.82,0.00,10035.00,10916.00,20598.00,0.51,0.00,0.00,,,,,
2024-07-14,1,Sunday,1.00,26.94,7.15,32.47,481.82,0.00,9798.00,10728.00,20598.00,0.52,15.40,1.00,,,,,
2024-07-14,2,Sunday,1.00,28.54,7.09,32.47,481.82,0.00,9586.00,10728.00,20598.00,0.53,18.98,1.00,,,,,
2024-07-14,3,Sunday,1.00,27.12,7.03,32.47,481.82,0.00,9439.00,10728.00,20598.00,0.54,15.54,1.00,,,,,
2024-07-14,4,Sunday,1.00,28.93,6.98,32.47,481.82,0.00,9384.00,10728.00,20598.00,0.54,23.14,1.00,,,,,
2024-07-14,5,Sunday,1.00,26.63,6.94,32.47,481.82,0.00,9310.00,10728.00,20598.00,0.55,15.54,1.00,,,,,
2024-07-14,6,Sunday,1.00,21.96,6.90,32.47,481.82,0.00,9257.00,10728.00,20598.00,0.55,15.54,1.00,,,,,
2024-07-14,7,Sunday,1.00,16.09,6.87,32.47,481.82,0.00,9241.00,10728.00,20598.00,0.55,0.00,0.00,,,,,
2024-07-14,8,Sunday,1.00,15.99,6.84,32.47,481.82,0.00,9367.00,10728.00,20598.00,0.55,0.00,0.00,,,,,
2024-07-14,9,Sunday,1.00,15.96,6.82,32.47,481.82,0.00,9590.00,10728.00,20598.00,0.53,0.00,0.00,,,,,
2024-07-14,10,Sunday,1.00,15.10,6.80,32.47,481.82,0.00,9816.00,10728.00,20598.00,0.52,0.00,0.00,,,,,
2024-07-14,11,Sunday,1.00,13.47,6.79,32.47,481.82,0.00,9965.00,10728.00,20598.00,0.52,0.00,0.00,,,,,
2024-07-14,12,Sunday,1.00,12.93,6.78,32.47,481.82,0.00,10141.00,10728.00,20598.00,0.51,0.00,0.00,,,,,
2024-07-14,13,Sunday,1.00,23.81,6.78,32.47,481.82,0.00,10328.00,10728.00,20598.00,0.50,16.52,1.00,,,,,
2024-07-14,14,Sunday,1.00,25.91,6.79,32.47,481.82,0.00,10452.00,10728.00,20598.00,0.49,13.13,1.00,,,,,
2024-07-14,15,Sunday,1.00,19.85,6.80,32.47,481.82,0.00,10518.00,10728.00,20598.00,0.49,0.00,0.00,,,,,
2024-07-14,16,Sunday,1.00,17.65,6.82,32.47,481.82,0.00,10559.00,10728.00,20598.00,0.49,0.00,0.00,,,,,
2024-07-14,17,Sunday,1.00,19.97,6.84,32.47,481.82,0.00,10643.00,10728.00,20598.00,0.48,0.00,0.00,,,,,
2024-07-14,18,Sunday,1.00,24.22,6.87,32.47,481.82,0.00,10728.00,10728.00,20598.00,0.48,2.44,1.00,,,,,
2024-07-14,19,Sunday,1.00,27.57,6.90,32.47,481.82,0.00,10673.00,10728.00,20598.00,0.48,20.62,1.00,,,,,
2024-07-14,20,Sunday,1.00,28.18,6.94,32.47,481.82,0.00,10658.00,10728.00,20598.00,0.48,20.06,1.00,,,,,
2024-07-14,21,Sunday,1.00,29.99,6.98,32.47,481.82,0.00,10547.00,10728.00,20598.00,0.49,14.15,1.00,,,,,
2024-07-14,22,Sunday,1.00,30.24,7.03,32.47,481.82,0.00,10400.00,10728.00,20598.00,0.50,15.03,1.00,,,,,
2024-07-14,23,Sunday,1.00,31.87,7.09,32.47,481.82,0.00,10235.00,10728.00,20598.00,0.50,18.69,1.00,,,,,
2024-07-14,24,Sunday,0.00,32.47,7.15,32.47,481.82,0.00,9898.00,10728.00,20598.00,0.52,12.24,1.00,,,,,
2024-07-15,1,Monday,0.00,31.30,7.15,339.26,481.82,0.00,9583.00,11782.00,20598.00,0.53,9.06,1.00,,,,,
2024-07-15,2,Monday,0.00,34.20,7.09,339.26,481.82,0.00,9432.00,11782.00,20598.00,0.54,14.74,1.00,,,,,
2024-07-15,3,Monday,0.00,30.02,7.03,339.26,481.82,0.00,9335.00,11782.00,20598.00,0.55,11.72,1.00,,,,,
2024-07-15,4,Monday,0.00,26.81,6.98,339.26,481.82,0.00,9227.00,11782.00,20598.00,0.55,15.44,1.00,,,,,
2024-07-15,5,Monday,0.00,17.06,6.94,339.26,481.82,0.00,9183.00,11782.00,20598.00,0.55,0.00,0.00,,,,,
2024-07-15,6,Monday,0.00,16.12,6.90,339.26,481.82,0.00,9240.00,11782.00,20598.00,0.55,0.00,0.00,,,,,
2024-07-15,7,Monday,0.00,22.19,6.87,339.26,481.82,0.00,9522.00,11782.00,20598.00,0.54,1.86,1.00,,,,,
2024-07-15,8,Monday,0.00,16.92,6.84,339.26,481.82,0.00,9983.00,11782.00,20598.00,0.52,0.00,0.00,,,,,
2024-07-15,9,Monday,0.00,22.69,6.82,339.26,481.82,0.00,10318.00,11782.00,20598.00,0.50,16.06,1.00,,,,,
2024-07-15,10,Monday,0.00,16.49,6.80,339.26,481.82,0.00,10584.00,11782.00,20598.00,0.49,0.00,0.00,,,,,
2024-07-15,11,Monday,0.00,18.06,6.79,339.26,481.82,0.00,10839.00,11782.00,20598.00,0.47,0.00,0.00,,,,,
2024-07-15,12,Monday,0.00,26.83,6.78,339.26,481.82,0.00,11060.00,11782.00,20598.00,0.46,9.26,1.00,,,,,
2024-07-15,13,Monday,0.00,30.19,6.78,339.26,481.82,0.00,11321.00,11782.00,20598.00,0.45,12.66,1.00,,,,,
2024-07-15,14,Monday,0.00,53.00,6.79,339.26,481.82,0.00,11433.00,11782.00,20598.00,0.44,75.02,1.00,,,,,
2024-07-15,15,Monday,0.00,36.15,6.80,339.26,481.82,0.00,11510.00,11782.00,20598.00,0.44,27.40,1.00,,,,,
2024-07-15,16,Monday,0.00,62.26,6.82,339.26,481.82,0.00,11648.00,11782.00,20598.00,0.43,56.11,1.00,,,,,
2024-07-15,17,Monday,0.00,74.30,6.84,339.26,481.82,0.00,11781.00,11782.00,20598.00,0.43,56.16,1.00,,,,,
2024-07-15,18,Monday,0.00,129.88,6.87,339.26,481.82,0.00,11782.00,11782.00,20598.00,0.43,76.08,1.00,,,,,
2024-07-15,19,Monday,0.00,94.10,6.90,339.26,481.82,0.00,11650.00,11782.00,20598.00,0.43,69.39,1.00,,,,,
2024-07-15,20,Monday,0.00,271.05,6.94,339.26,481.82,0.00,11448.00,11782.00,20598.00,0.44,89.84,1.00,,,,,
2024-07-15,21,Monday,0.00,279.56,6.98,339.26,481.82,0.00,11224.00,11782.00,20598.00,0.46,90.15,1.00,,,,,
2024-07-15,22,Monday,0.00,339.26,7.03,339.26,481.82,0.00,10989.00,11782.00,20598.00,0.47,89.84,1.00,,,,,
2024-07-15,23,Monday,0.00,99.00,7.09,339.26,481.82,0.00,10844.00,11782.00,20598.00,0.47,72.18,1.00,,,,,
2024-07-15,24,Monday,0.00,57.36,7.15,339.26,481.82,0.00,10531.00,11782.00,20598.00,0.49,53.73,1.00,,,,,
2024-07-16,1,Tuesday,0.00,38.93,7.15,869.39,481.82,0.00,10267.00,11942.00,20598.00,0.50,26.89,1.00,,,,,
2024-07-16,2,Tuesday,0.00,36.55,7.09,869.39,481.82,0.00,10040.00,11942.00,20598.00,0.51,24.24,1.00,,,,,
2024-07-16,3,Tuesday,0.00,31.45,7.03,869.39,481.82,0.00,9863.00,11942.00,20598.00,0.52,6.93,1.00,,,,,
2024-07-16,4,Tuesday,0.00,30.95,6.98,869.39,481.82,0.00,9738.00,11942.00,20598.00,0.53,7.02,1.00,,,,,
2024-07-16,5,Tuesday,0.00,32.49,6.94,869.39,481.82,0.00,9719.00,11942.00,20598.00,0.53,13.49,1.00,,,,,
2024-07-16,6,Tuesday,0.00,31.36,6.90,869.39,481.82,0.00,9737.00,11942.00,20598.00,0.53,7.77,1.00,,,,,
2024-07-16,7,Tuesday,0.00,32.94,6.87,869.39,481.82,0.00,9937.00,11942.00,20598.00,0.52,14.68,1.00,,,,,
2024-07-16,8,Tuesday,0.00,32.56,6.84,869.39,481.82,0.00,10259.00,11942.00,20598.00,0.50,4.80,1.00,,,,,
2024-07-16,9,Tuesday,0.00,35.27,6.82,869.39,481.82,0.00,10615.00,11942.00,20598.00,0.48,26.51,1.00,,,,,
2024-07-16,10,Tuesday,0.00,31.14,6.80,869.39,481.82,0.00,10826.00,11942.00,20598.00,0.47,15.79,1.00,,,,,
2024-07-16,11,Tuesday,0.00,41.73,6.79,869.39,481.82,0.00,11100.00,11942.00,20598.00,0.46,23.67,1.00,,,,,
2024-07-16,12,Tuesday,0.00,45.52,6.78,869.39,481.82,0.00,11384.00,11942.00,20598.00,0.45,27.63,1.00,,,,,
2024-07-16,13,Tuesday,0.00,106.17,6.78,869.39,481.82,0.00,11628.00,11942.00,20598.00,0.44,71.39,1.00,,,,,
2024-07-16,14,Tuesday,0.00,160.11,6.79,869.39,481.82,0.00,11794.00,11942.00,20598.00,0.43,81.75,1.00,,,,,
2024-07-16,15,Tuesday,0.00,165.23,6.80,869.39,481.82,0.00,11870.00,11942.00,20598.00,0.42,81.78,1.00,,,,,
2024-07-16,16,Tuesday,0.00,182.74,6.82,869.39,481.82,0.00,11942.00,11942.00,20598.00,0.42,83.90,1.00,,,,,
2024-07-16,17,Tuesday,0.00,620.97,6.84,869.39,481.82,1.00,11858.00,11942.00,20598.00,0.42,95.21,1.00,,,,,
2024-07-16,18,Tuesday,0.00,666.85,6.87,869.39,481.82,1.00,11755.00,11942.00,20598.00,0.43,95.69,1.00,,,,,
2024-07-16,19,Tuesday,0.00,721.54,6.90,869.39,481.82,1.00,11608.00,11942.00,20598.00,0.44,95.52,1.00,,,,,
2024-07-16,20,Tuesday,0.00,869.39,6.94,869.39,481.82,1.00,11545.00,11942.00,20598.00,0.44,96.31,1.00,,,,,
2024-07-16,21,Tuesday,0.00,792.28,6.98,869.39,481.82,1.00,11336.00,11942.00,20598.00,0.45,96.25,1.00,,,,,
2024-07-16,22,Tuesday,0.00,330.92,7.03,869.39,481.82,0.00,11079.00,11942.00,20598.00,0.46,86.16,1.00,,,,,
2024-07-16,23,Tuesday,0.00,48.14,7.09,869.39,481.82,0.00,10968.00,11942.00,20598.00,0.47,25.46,1.00,,,,,
2024-07-16,24,Tuesday,0.00,29.20,7.15,869.39,481.82,0.00,10672.00,11942.00,20598.00,0.48,11.58,1.00,,,,,
2024-07-17,1,Wednesday,0.00,22.08,7.15,956.37,481.82,0.00,10341.00,12219.00,20598.00,0.50,0.00,0.00,,,,,
2024-07-17,2,Wednesday,0.00,21.57,7.09,956.37,481.82,0.00,10065.00,12219.00,20598.00,0.51,22.04,1.00,,,,,
2024-07-17,3,Wednesday,0.00,18.35,7.03,956.37,481.82,0.00,9865.00,12219.00,20598.00,0.52,7.82,1.00,,,,,
2024-07-17,4,Wednesday,0.00,20.51,6.98,956.37,481.82,0.00,9789.00,12219.00,20598.00,0.52,21.26,1.00,,,,,
2024-07-17,5,Wednesday,0.00,21.99,6.94,956.37,481.82,0.00,9762.00,12219.00,20598.00,0.53,0.00,0.00,,,,,
2024-07-17,6,Wednesday,0.00,22.23,6.90,956.37,481.82,0.00,9742.00,12219.00,20598.00,0.53,0.00,0.00,,,,,
2024-07-17,7,Wednesday,0.00,29.08,6.87,956.37,481.82,0.00,9978.00,12219.00,20598.00,0.52,12.86,1.00,,,,,
2024-07-17,8,Wednesday,0.00,29.95,6.84,956.37,481.82,0.00,10430.00,12219.00,20598.00,0.49,5.70,1.00,,,,,
2024-07-17,9,Wednesday,0.00,39.82,6.82,956.37,481.82,0.00,10807.00,12219.00,20598.00,0.48,34.09,1.00,,,,,
2024-07-17,10,Wednesday,0.00,50.96,6.80,956.37,481.82,0.00,11092.00,12219.00,20598.00,0.46,48.96,1.00,,,,,
2024-07-17,11,Wednesday,0.00,126.81,6.79,956.37,481.82,0.00,11418.00,12219.00,20598.00,0.45,73.06,1.00,,,,,
2024-07-17,12,Wednesday,0.00,144.86,6.78,956.37,481.82,0.00,11646.00,12219.00,20598.00,0.43,73.06,1.00,,,,,
2024-07-17,13,Wednesday,0.00,361.23,6.78,956.37,481.82,0.00,11735.00,12219.00,20598.00,0.43,88.62,1.00,,,,,
2024-07-17,14,Wednesday,0.00,497.61,6.79,956.37,481.82,1.00,11853.00,12219.00,20598.00,0.42,94.24,1.00,,,,,
2024-07-17,15,Wednesday,0.00,674.71,6.80,956.37,481.82,1.00,11994.00,12219.00,20598.00,0.42,95.11,1.00,,,,,
2024-07-17,16,Wednesday,0.00,767.44,6.82,956.37,481.82,1.00,12131.00,12219.00,20598.00,0.41,96.06,1.00,,,,,
2024-07-17,17,Wednesday,0.00,744.45,6.84,956.37,481.82,1.00,12209.00,12219.00,20598.00,0.41,96.29,1.00,,,,,
2024-07-17,18,Wednesday,0.00,956.37,6.87,956.37,481.82,1.00,12219.00,12219.00,20598.00,0.41,0.00,0.00,,,,,
2024-07-17,19,Wednesday,0.00,713.44,6.90,956.37,481.82,1.00,11958.00,12219.00,20598.00,0.42,95.87,1.00,,,,,
2024-07-17,20,Wednesday,0.00,399.53,6.94,956.37,481.82,0.00,11743.00,12219.00,20598.00,0.43,93.38,1.00,,,,,
2024-07-17,21,Wednesday,0.00,79.92,6.98,956.37,481.82,0.00,11589.00,12219.00,20598.00,0.44,32.47,1.00,,,,,
2024-07-17,22,Wednesday,0.00,30.27,7.03,956.37,481.82,0.00,11459.00,12219.00,20598.00,0.44,8.34,1.00,,,,,
2024-07-17,23,Wednesday,0.00,25.75,7.09,956.37,481.82,0.00,11201.00,12219.00,20598.00,0.46,10.57,1.00,,,,,
2024-07-17,24,Wednesday,0.00,22.16,7.15,956.37,481.82,0.00,10786.00,12219.00,20598.00,0.48,0.00,0.00,,,,,
2024-07-18,1,Thursday,0.00,17.83,7.15,904.55,481.82,0.00,10456.00,12161.00,20598.00,0.49,0.00,0.00,,,,,
2024-07-18,2,Thursday,0.00,13.85,7.09,904.55,481.82,0.00,10208.00,12161.00,20598.00,0.50,0.00,0.00,,,,,
2024-07-18,3,Thursday,0.00,20.24,7.03,904.55,481.82,0.00,9975.00,12161.00,20598.00,0.52,0.00,0.00,,,,,
2024-07-18,4,Thursday,0.00,28.66,6.98,904.55,481.82,0.00,9861.00,12161.00,20598.00,0.52,12.64,1.00,,,,,
2024-07-18,5,Thursday,0.00,29.69,6.94,904.55,481.82,0.00,9824.00,12161.00,20598.00,0.52,2.90,1.00,,,,,
2024-07-18,6,Thursday,0.00,29.99,6.90,904.55,481.82,0.00,9847.00,12161.00,20598.00,0.52,3.61,1.00,,,,,
2024-07-18,7,Thursday,0.00,31.76,6.87,904.55,481.82,0.00,10052.00,12161.00,20598.00,0.51,8.41,1.00,,,,,
2024-07-18,8,Thursday,0.00,36.00,6.84,904.55,481.82,0.00,10442.00,12161.00,20598.00,0.49,28.07,1.00,,,,,
2024-07-18,9,Thursday,0.00,37.50,6.82,904.55,481.82,0.00,10845.00,12161.00,20598.00,0.47,29.10,1.00,,,,,
2024-07-18,10,Thursday,0.00,90.63,6.80,904.55,481.82,0.00,11152.00,12161.00,20598.00,0.46,82.31,1.00,,,,,
2024-07-18,11,Thursday,0.00,88.41,6.79,904.55,481.82,0.00,11410.00,12161.00,20598.00,0.45,28.17,1.00,,,,,
2024-07-18,12,Thursday,0.00,61.05,6.78,904.55,481.82,0.00,11566.00,12161.00,20598.00,0.44,11.61,1.00,,,,,
2024-07-18,13,Thursday,0.00,40.47,6.78,904.55,481.82,0.00,11804.00,12161.00,20598.00,0.43,28.46,1.00,,,,,
2024-07-18,14,Thursday,0.00,104.04,6.79,904.55,481.82,0.00,11924.00,12161.00,20598.00,0.42,75.23,1.00,,,,,
2024-07-18,15,Thursday,0.00,485.26,6.80,904.55,481.82,1.00,11991.00,12161.00,20598.00,0.42,92.28,1.00,,,,,
2024-07-18,16,Thursday,0.00,752.70,6.82,904.55,481.82,1.00,12058.00,12161.00,20598.00,0.41,96.47,1.00,,,,,
2024-07-18,17,Thursday,0.00,868.40,6.84,904.55,481.82,1.00,12161.00,12161.00,20598.00,0.41,96.36,1.00,,,,,
2024-07-18,18,Thursday,0.00,904.55,6.87,904.55,481.82,1.00,12128.00,12161.00,20598.00,0.41,96.35,1.00,,,,,
2024-07-18,19,Thursday,0.00,775.83,6.90,904.55,481.82,1.00,11931.00,12161.00,20598.00,0.42,93.22,1.00,,,,,
2024-07-18,20,Thursday,0.00,617.76,6.94,904.55,481.82,1.00,11723.00,12161.00,20598.00,0.43,95.25,1.00,,,,,
2024-07-18,21,Thursday,0.00,533.96,6.98,904.55,481.82,1.00,11406.00,12161.00,20598.00,0.45,94.57,1.00,,,,,
2024-07-18,22,Thursday,0.00,379.79,7.03,904.55,481.82,0.00,11168.00,12161.00,20598.00,0.46,90.09,1.00,,,,,
2024-07-18,23,Thursday,0.00,161.43,7.09,904.55,481.82,0.00,10945.00,12161.00,20598.00,0.47,82.61,1.00,,,,,
2024-07-18,24,Thursday,0.00,42.56,7.15,904.55,481.82,0.00,10610.00,12161.00,20598.00,0.48,31.91,1.00,,,,,
2024-07-19,1,Friday,0.00,54.67,7.15,462.30,481.82,0.00,10261.00,11948.00,20598.00,0.50,29.21,1.00,,,,,
2024-07-19,2,Friday,0.00,38.10,7.09,462.30,481.82,0.00,10087.00,11948.00,20598.00,0.51,25.87,1.00,,,,,
2024-07-19,3,Friday,0.00,36.83,7.03,462.30,481.82,0.00,9917.00,11948.00,20598.00,0.52,10.64,1.00,,,,,
2024-07-19,4,Friday,0.00,31.44,6.98,462.30,481.82,0.00,9794.00,11948.00,20598.00,0.52,4.29,1.00,,,,,
2024-07-19,5,Friday,0.00,32.49,6.94,462.30,481.82,0.00,9740.00,11948.00,20598.00,0.53,7.65,1.00,,,,,
2024-07-19,6,Friday,0.00,32.60,6.90,462.30,481.82,0.00,9764.00,11948.00,20598.00,0.53,7.82,1.00,,,,,
2024-07-19,7,Friday,0.00,36.61,6.87,462.30,481.82,0.00,9930.00,11948.00,20598.00,0.52,28.77,1.00,,,,,
2024-07-19,8,Friday,0.00,30.26,6.84,462.30,481.82,0.00,10274.00,11948.00,20598.00,0.50,0.69,1.00,,,,,
2024-07-19,9,Friday,0.00,30.50,6.82,462.30,481.82,0.00,10609.00,11948.00,20598.00,0.48,0.69,1.00,,,,,
2024-07-19,10,Friday,0.00,32.93,6.80,462.30,481.82,0.00,10933.00,11948.00,20598.00,0.47,2.11,1.00,,,,,
2024-07-19,11,Friday,0.00,72.60,6.79,462.30,481.82,0.00,11269.00,11948.00,20598.00,0.45,61.47,1.00,,,,,
2024-07-19,12,Friday,0.00,78.76,6.78,462.30,481.82,0.00,11571.00,11948.00,20598.00,0.44,61.45,1.00,,,,,
2024-07-19,13,Friday,0.00,69.98,6.78,462.30,481.82,0.00,11801.00,11948.00,20598.00,0.43,28.67,1.00,,,,,
2024-07-19,14,Friday,0.00,258.16,6.79,462.30,481.82,0.00,11937.00,11948.00,20598.00,0.42,91.64,1.00,,,,,
2024-07-19,15,Friday,0.00,369.87,6.80,462.30,481.82,0.00,11906.00,11948.00,20598.00,0.42,91.66,1.00,,,,,
2024-07-19,16,Friday,0.00,380.57,6.82,462.30,481.82,0.00,11947.00,11948.00,20598.00,0.42,92.27,1.00,,,,,
2024-07-19,17,Friday,0.00,462.30,6.84,462.30,481.82,0.00,11948.00,11948.00,20598.00,0.42,93.72,1.00,,,,,
2024-07-19,18,Friday,0.00,421.64,6.87,462.30,481.82,0.00,11831.00,11948.00,20598.00,0.43,92.43,1.00,,,,,
2024-07-19,19,Friday,0.00,303.20,6.90,462.30,481.82,0.00,11588.00,11948.00,20598.00,0.44,87.87,1.00,,,,,
2024-07-19,20,Friday,0.00,341.69,6.94,462.30,481.82,0.00,11436.00,11948.00,20598.00,0.44,91.64,1.00,,,,,
2024-07-19,21,Friday,0.00,362.00,6.98,462.30,481.82,0.00,11127.00,11948.00,20598.00,0.46,91.64,1.00,,,,,
2024-07-19,22,Friday,0.00,250.25,7.03,462.30,481.82,0.00,10964.00,11948.00,20598.00,0.47,87.68,1.00,,,,,
2024-07-19,23,Friday,0.00,155.69,7.09,462.30,481.82,0.00,10732.00,11948.00,20598.00,0.48,62.23,1.00,,,,,
2024-07-19,24,Friday,1.00,101.53,7.15,462.30,481.82,0.00,10452.00,11948.00,20598.00,0.49,73.01,1.00,,,,,
2024-07-20,1,Saturday,1.00,49.75,7.15,366.63,481.82,0.00,10164.00,11611.00,20598.00,0.51,42.13,1.00,,,,,
2024-07-20,2,Saturday,1.00,43.01,7.09,366.63,481.82,0.00,9900.00,11611.00,20598.00,0.52,36.73,1.00,,,,,
2024-07-20,3,Saturday,1.00,35.56,7.03,366.63,481.82,0.00,9762.00,11611.00,20598.00,0.53,20.68,1.00,,,,,
2024-07-20,4,Saturday,1.00,38.64,6.98,366.63,481.82,0.00,9630.00,11611.00,20598.00,0.53,30.59,1.00,,,,,
2024-07-20,5,Saturday,1.00,34.55,6.94,366.63,481.82,0.00,9578.00,11611.00,20598.00,0.54,20.94,1.00,,,,,
2024-07-20,6,Saturday,1.00,32.56,6.90,366.63,481.82,0.00,9514.00,11611.00,20598.00,0.54,18.39,1.00,,,,,
2024-07-20,7,Saturday,1.00,32.07,6.87,366.63,481.82,0.00,9522.00,11611.00,20598.00,0.54,13.96,1.00,,,,,
2024-07-20,8,Saturday,1.00,30.10,6.84,366.63,481.82,0.00,9643.00,11611.00,20598.00,0.53,20.18,1.00,,,,,
2024-07-20,9,Saturday,1.00,29.60,6.82,366.63,481.82,0.00,9945.00,11611.00,20598.00,0.52,19.40,1.00,,,,,
2024-07-20,10,Saturday,1.00,29.70,6.80,366.63,481.82,0.00,10290.00,11611.00,20598.00,0.50,9.70,1.00,,,,,
2024-07-20,11,Saturday,1.00,30.71,6.79,366.63,481.82,0.00,10649.00,11611.00,20598.00,0.48,12.22,1.00,,,,,
2024-07-20,12,Saturday,1.00,37.65,6.78,366.63,481.82,0.00,10902.00,11611.00,20598.00,0.47,16.69,1.00,,,,,
2024-07-20,13,Saturday,1.00,43.62,6.78,366.63,481.82,0.00,11114.00,11611.00,20598.00,0.46,37.27,1.00,,,,,
2024-07-20,14,Saturday,1.00,51.54,6.79,366.63,481.82,0.00,11269.00,11611.00,20598.00,0.45,42.13,1.00,,,,,
2024-07-20,15,Saturday,1.00,86.64,6.80,366.63,481.82,0.00,11352.00,11611.00,20598.00,0.45,69.52,1.00,,,,,
2024-07-20,16,Saturday,1.00,167.94,6.82,366.63,481.82,0.00,11451.00,11611.00,20598.00,0.44,89.13,1.00,,,,,
2024-07-20,17,Saturday,1.00,198.50,6.84,366.63,481.82,0.00,11576.00,11611.00,20598.00,0.44,89.13,1.00,,,,,
2024-07-20,18,Saturday,1.00,309.54,6.87,366.63,481.82,0.00,11611.00,11611.00,20598.00,0.44,91.62,1.00,,,,,
2024-07-20,19,Saturday,1.00,366.63,6.90,366.63,481.82,0.00,11512.00,11611.00,20598.00,0.44,92.67,1.00,,,,,
2024-07-20,20,Saturday,1.00,252.37,6.94,366.63,481.82,0.00,11398.00,11611.00,20598.00,0.45,89.13,1.00,,,,,
2024-07-20,21,Saturday,1.00,229.41,6.98,366.63,481.82,0.00,11221.00,11611.00,20598.00,0.46,89.13,1.00,,,,,
2024-07-20,22,Saturday,1.00,205.42,7.03,366.63,481.82,0.00,11006.00,11611.00,20598.00,0.47,89.13,1.00,,,,,
2024-07-20,23,Saturday,1.00,82.90,7.09,366.63,481.82,0.00,10841.00,11611.00,20598.00,0.47,58.13,1.00,,,,,
2024-07-20,24,Saturday,1.00,83.84,7.15,366.63,481.82,0.00,10541.00,11611.00,20598.00,0.49,75.09,1.00,,,,,
2024-07-21,1,Sunday,1.00,43.15,7.15,278.43,481.82,0.00,10233.00,11837.00,20598.00,0.50,40.32,1.00,,,,,
2024-07-21,2,Sunday,1.00,43.07,7.09,278.43,481.82,0.00,9983.00,11837.00,20598.00,0.52,41.32,1.00,,,,,
2024-07-21,3,Sunday,1.00,43.17,7.03,278.43,481.82,0.00,9817.00,11837.00,20598.00,0.52,41.53,1.00,,,,,
2024-07-21,4,Sunday,1.00,43.17,6.98,278.43,481.82,0.00,9706.00,11837.00,20598.00,0.53,41.84,1.00,,,,,
2024-07-21,5,Sunday,1.00,42.29,6.94,278.43,481.82,0.00,9652.00,11837.00,20598.00,0.53,40.34,1.00,,,,,
2024-07-21,6,Sunday,1.00,41.43,6.90,278.43,481.82,0.00,9576.00,11837.00,20598.00,0.54,38.83,1.00,,,,,
2024-07-21,7,Sunday,1.00,41.47,6.87,278.43,481.82,0.00,9530.00,11837.00,20598.00,0.54,39.14,1.00,,,,,
2024-07-21,8,Sunday,1.00,39.34,6.84,278.43,481.82,0.00,9722.00,11837.00,20598.00,0.53,39.02,1.00,,,,,
2024-07-21,9,Sunday,1.00,42.02,6.82,278.43,481.82,0.00,10007.00,11837.00,20598.00,0.51,40.46,1.00,,,,,
2024-07-21,10,Sunday,1.00,39.84,6.80,278.43,481.82,0.00,10431.00,11837.00,20598.00,0.49,38.89,1.00,,,,,
2024-07-21,11,Sunday,1.00,55.94,6.79,278.43,481.82,0.00,10853.00,11837.00,20598.00,0.47,43.45,1.00,,,,,
2024-07-21,12,Sunday,1.00,115.23,6.78,278.43,481.82,0.00,11178.00,11837.00,20598.00,0.46,76.40,1.00,,,,,
2024-07-21,13,Sunday,1.00,195.00,6.78,278.43,481.82,0.00,11377.00,11837.00,20598.00,0.45,86.78,1.00,,,,,
2024-07-21,14,Sunday,1.00,132.56,6.79,278.43,481.82,0.00,11474.00,11837.00,20598.00,0.44,79.14,1.00,,,,,
2024-07-21,15,Sunday,1.00,132.47,6.80,278.43,481.82,0.00,11545.00,11837.00,20598.00,0.44,76.40,1.00,,,,,
2024-07-21,16,Sunday,1.00,196.31,6.82,278.43,481.82,0.00,11625.00,11837.00,20598.00,0.44,88.56,1.00,,,,,
2024-07-21,17,Sunday,1.00,111.29,6.84,278.43,481.82,0.00,11805.00,11837.00,20598.00,0.43,77.50,1.00,,,,,
2024-07-21,18,Sunday,1.00,278.43,6.87,278.43,481.82,0.00,11837.00,11837.00,20598.00,0.43,91.37,1.00,,,,,
2024-07-21,19,Sunday,1.00,242.53,6.90,278.43,481.82,0.00,11765.00,11837.00,20598.00,0.43,89.73,1.00,,,,,
2024-07-21,20,Sunday,1.00,137.51,6.94,278.43,481.82,0.00,11722.00,11837.00,20598.00,0.43,77.50,1.00,,,,,
2024-07-21,21,Sunday,1.00,173.47,6.98,278.43,481.82,0.00,11544.00,11837.00,20598.00,0.44,87.11,1.00,,,,,
2024-07-21,22,Sunday,1.00,140.54,7.03,278.43,481.82,0.00,11379.00,11837.00,20598.00,0.45,77.50,1.00,,,,,
2024-07-21,23,Sunday,1.00,72.18,7.09,278.43,481.82,0.00,11223.00,11837.00,20598.00,0.46,66.41,1.00,,,,,
2024-07-21,24,Sunday,0.00,33.81,7.15,278.43,481.82,0.00,10832.00,11837.00,20598.00,0.47,16.17,1.00,,,,,
2024-07-22,1,Monday,0.00,30.08,7.15,333.08,481.82,0.00,10435.00,12221.00,20598.00,0.49,11.20,1.00,,,,,
2024-07-22,2,Monday,0.00,30.15,7.09,333.08,481.82,0.00,10130.00,12221.00,20598.00,0.51,13.22,1.00,,,,,
2024-07-22,3,Monday,0.00,30.07,7.03,333.08,481.82,0.00,9995.00,12221.00,20598.00,0.51,12.24,1.00,,,,,
2024-07-22,4,Monday,0.00,31.79,6.98,333.08,481.82,0.00,9936.00,12221.00,20598.00,0.52,6.78,1.00,,,,,
2024-07-22,5,Monday,0.00,40.24,6.94,333.08,481.82,0.00,9911.00,12221.00,20598.00,0.52,29.91,1.00,,,,,
2024-07-22,6,Monday,0.00,42.85,6.90,333.08,481.82,0.00,9926.00,12221.00,20598.00,0.52,31.76,1.00,,,,,
2024-07-22,7,Monday,0.00,43.14,6.87,333.08,481.82,0.00,10048.00,12221.00,20598.00,0.51,31.91,1.00,,,,,
2024-07-22,8,Monday,0.00,43.72,6.84,333.08,481.82,0.00,10466.00,12221.00,20598.00,0.49,31.25,1.00,,,,,
2024-07-22,9,Monday,0.00,43.15,6.82,333.08,481.82,0.00,10840.00,12221.00,20598.00,0.47,30.34,1.00,,,,,
2024-07-22,10,Monday,0.00,43.05,6.80,333.08,481.82,0.00,11133.00,12221.00,20598.00,0.46,30.18,1.00,,,,,
2024-07-22,11,Monday,0.00,43.88,6.79,333.08,481.82,0.00,11520.00,12221.00,20598.00,0.44,31.27,1.00,,,,,
2024-07-22,12,Monday,0.00,53.40,6.78,333.08,481.82,0.00,11786.00,12221.00,20598.00,0.43,43.66,1.00,,,,,
2024-07-22,13,Monday,0.00,53.41,6.78,333.08,481.82,0.00,11955.00,12221.00,20598.00,0.42,43.66,1.00,,,,,
2024-07-22,14,Monday,0.00,106.68,6.79,333.08,481.82,0.00,12144.00,12221.00,20598.00,0.41,72.46,1.00,,,,,
2024-07-22,15,Monday,0.00,176.60,6.80,333.08,481.82,0.00,12145.00,12221.00,20598.00,0.41,88.56,1.00,,,,,
2024-07-22,16,Monday,0.00,185.05,6.82,333.08,481.82,0.00,12204.00,12221.00,20598.00,0.41,73.74,1.00,,,,,
2024-07-22,17,Monday,0.00,333.08,6.84,333.08,481.82,0.00,12221.00,12221.00,20598.00,0.41,91.25,1.00,,,,,
2024-07-22,18,Monday,0.00,138.99,6.87,333.08,481.82,0.00,12149.00,12221.00,20598.00,0.41,73.74,1.00,,,,,
2024-07-22,19,Monday,0.00,51.28,6.90,333.08,481.82,0.00,11989.00,12221.00,20598.00,0.42,31.09,1.00,,,,,
2024-07-22,20,Monday,0.00,33.39,6.94,333.08,481.82,0.00,11825.00,12221.00,20598.00,0.43,6.96,1.00,,,,,
2024-07-22,21,Monday,0.00,58.91,6.98,333.08,481.82,0.00,11676.00,12221.00,20598.00,0.43,0.00,0.00,,,,,
2024-07-22,22,Monday,0.00,35.22,7.03,333.08,481.82,0.00,11500.00,12221.00,20598.00,0.44,19.26,1.00,,,,,
2024-07-22,23,Monday,0.00,23.22,7.09,333.08,481.82,0.00,11227.00,12221.00,20598.00,0.45,0.00,0.00,,,,,
2024-07-22,24,Monday,0.00,18.30,7.15,333.08,481.82,0.00,10863.00,12221.00,20598.00,0.47,0.00,0.00,,,,,
2024-07-23,1,Tuesday,0.00,14.65,7.15,843.15,481.82,0.00,10486.00,12159.00,20598.00,0.49,0.00,0.00,,,,,
2024-07-23,2,Tuesday,0.00,11.76,7.09,843.15,481.82,0.00,10251.00,12159.00,20598.00,0.50,0.00,0.00,,,,,
2024-07-23,3,Tuesday,0.00,12.60,7.03,843.15,481.82,0.00,10068.00,12159.00,20598.00,0.51,0.00,0.00,,,,,
2024-07-23,4,Tuesday,0.00,12.11,6.98,843.15,481.82,0.00,9942.00,12159.00,20598.00,0.52,0.00,0.00,,,,,
2024-07-23,5,Tuesday,0.00,11.21,6.94,843.15,481.82,0.00,9889.00,12159.00,20598.00,0.52,0.00,0.00,,,,,
2024-07-23,6,Tuesday,0.00,13.42,6.90,843.15,481.82,0.00,9974.00,12159.00,20598.00,0.52,0.00,0.00,,,,,
2024-07-23,7,Tuesday,0.00,14.34,6.87,843.15,481.82,0.00,10144.00,12159.00,20598.00,0.51,0.00,0.00,,,,,
2024-07-23,8,Tuesday,0.00,12.33,6.84,843.15,481.82,0.00,10540.00,12159.00,20598.00,0.49,0.00,0.00,,,,,
2024-07-23,9,Tuesday,0.00,14.07,6.82,843.15,481.82,0.00,10896.00,12159.00,20598.00,0.47,0.00,0.00,,,,,
2024-07-23,10,Tuesday,0.00,18.64,6.80,843.15,481.82,0.00,11168.00,12159.00,20598.00,0.46,0.00,0.00,,,,,
2024-07-23,11,Tuesday,0.00,20.76,6.79,843.15,481.82,0.00,11486.00,12159.00,20598.00,0.44,0.00,0.00,,,,,
2024-07-23,12,Tuesday,0.00,29.10,6.78,843.15,481.82,0.00,11633.00,12159.00,20598.00,0.44,0.00,0.00,,,,,
2024-07-23,13,Tuesday,0.00,31.51,6.78,843.15,481.82,0.00,11768.00,12159.00,20598.00,0.43,4.59,1.00,,,,,
2024-07-23,14,Tuesday,0.00,62.34,6.79,843.15,481.82,0.00,11932.00,12159.00,20598.00,0.42,34.71,1.00,,,,,
2024-07-23,15,Tuesday,0.00,45.56,6.80,843.15,481.82,0.00,11967.00,12159.00,20598.00,0.42,27.43,1.00,,,,,
2024-07-23,16,Tuesday,0.00,47.56,6.82,843.15,481.82,0.00,12082.00,12159.00,20598.00,0.41,46.97,1.00,,,,,
2024-07-23,17,Tuesday,0.00,30.95,6.84,843.15,481.82,0.00,12126.00,12159.00,20598.00,0.41,0.00,0.00,,,,,
2024-07-23,18,Tuesday,0.00,99.04,6.87,843.15,481.82,0.00,12159.00,12159.00,20598.00,0.41,70.61,1.00,,,,,
2024-07-23,19,Tuesday,0.00,119.83,6.90,843.15,481.82,0.00,12008.00,12159.00,20598.00,0.42,72.93,1.00,,,,,
2024-07-23,20,Tuesday,0.00,526.89,6.94,843.15,481.82,1.00,11713.00,12159.00,20598.00,0.43,92.34,1.00,,,,,
2024-07-23,21,Tuesday,0.00,843.15,6.98,843.15,481.82,1.00,11318.00,12159.00,20598.00,0.45,11.99,1.00,,,,,
2024-07-23,22,Tuesday,0.00,114.16,7.03,843.15,481.82,0.00,11111.00,12159.00,20598.00,0.46,72.82,1.00,,,,,
2024-07-23,23,Tuesday,0.00,53.73,7.09,843.15,481.82,0.00,10939.00,12159.00,20598.00,0.47,36.26,1.00,,,,,
2024-07-23,24,Tuesday,0.00,31.91,7.15,843.15,481.82,0.00,10619.00,12159.00,20606.00,0.48,0.70,1.00,,,,,
2024-07-24,1,Wednesday,0.00,44.11,7.15,117.63,481.82,0.00,10270.00,11804.00,20606.00,0.50,29.91,1.00,,,,,
2024-07-24,2,Wednesday,0.00,43.82,7.09,117.63,481.82,0.00,9965.00,11804.00,20606.00,0.52,30.78,1.00,,,,,
2024-07-24,3,Wednesday,0.00,38.48,7.03,117.63,481.82,0.00,9797.00,11804.00,20606.00,0.52,30.92,1.00,,,,,
2024-07-24,4,Wednesday,0.00,36.30,6.98,117.63,481.82,0.00,9729.00,11804.00,20606.00,0.53,26.94,1.00,,,,,
2024-07-24,5,Wednesday,0.00,36.26,6.94,117.63,481.82,0.00,9768.00,11804.00,20606.00,0.53,33.11,1.00,,,,,
2024-07-24,6,Wednesday,0.00,36.96,6.90,117.63,481.82,0.00,9837.00,11804.00,20606.00,0.52,26.94,1.00,,,,,
2024-07-24,7,Wednesday,0.00,70.69,6.87,117.63,481.82,0.00,10036.00,11804.00,20606.00,0.51,58.09,1.00,,,,,
2024-07-24,8,Wednesday,0.00,117.63,6.84,117.63,481.82,0.00,10345.00,11804.00,20606.00,0.50,77.38,1.00,,,,,
2024-07-24,9,Wednesday,0.00,95.14,6.82,117.63,481.82,0.00,10660.00,11804.00,20606.00,0.48,63.39,1.00,,,,,
2024-07-24,10,Wednesday,0.00,51.75,6.80,117.63,481.82,0.00,10928.00,11804.00,20606.00,0.47,35.24,1.00,,,,,
2024-07-24,11,Wednesday,0.00,41.86,6.79,117.63,481.82,0.00,11167.00,11804.00,20606.00,0.46,34.68,1.00,,,,,
2024-07-24,12,Wednesday,0.00,38.69,6.78,117.63,481.82,0.00,11327.00,11804.00,20606.00,0.45,29.03,1.00,,,,,
2024-07-24,13,Wednesday,0.00,38.08,6.78,117.63,481.82,0.00,11466.00,11804.00,20606.00,0.44,27.55,1.00,,,,,
2024-07-24,14,Wednesday,0.00,43.10,6.79,117.63,481.82,0.00,11553.00,11804.00,20606.00,0.44,33.02,1.00,,,,,
2024-07-24,15,Wednesday,0.00,57.75,6.80,117.63,481.82,0.00,11677.00,11804.00,20606.00,0.43,52.45,1.00,,,,,
2024-07-24,16,Wednesday,0.00,57.75,6.82,117.63,481.82,0.00,11716.00,11804.00,20606.00,0.43,52.45,1.00,,,,,
2024-07-24,17,Wednesday,0.00,40.82,6.84,117.63,481.82,0.00,11804.00,11804.00,20606.00,0.43,28.10,1.00,,,,,
2024-07-24,18,Wednesday,0.00,41.01,6.87,117.63,481.82,0.00,11789.00,11804.00,20606.00,0.43,33.04,1.00,,,,,
2024-07-24,19,Wednesday,0.00,41.03,6.90,117.63,481.82,0.00,11642.00,11804.00,20606.00,0.44,29.23,1.00,,,,,
2024-07-24,20,Wednesday,0.00,73.11,6.94,117.63,481.82,0.00,11453.00,11804.00,20606.00,0.44,74.67,1.00,,,,,
2024-07-24,21,Wednesday,0.00,96.51,6.98,117.63,481.82,0.00,11270.00,11804.00,20606.00,0.45,71.97,1.00,,,,,
2024-07-24,22,Wednesday,0.00,48.22,7.03,117.63,481.82,0.00,11201.00,11804.00,20606.00,0.46,42.59,1.00,,,,,
2024-07-24,23,Wednesday,0.00,43.37,7.09,117.63,481.82,0.00,10931.00,11804.00,20606.00,0.47,42.59,1.00,,,,,
2024-07-24,24,Wednesday,0.00,36.75,7.15,117.63,481.82,0.00,10473.00,11804.00,20606.00,0.49,25.43,1.00,,,,,
2024-07-25,1,Thursday,0.00,29.58,7.15,34.41,481.82,0.00,10072.00,10817.00,20606.00,0.51,1.76,1.00,,,,,
2024-07-25,2,Thursday,0.00,21.16,7.09,34.41,481.82,0.00,9876.00,10817.00,20606.00,0.52,0.00,0.00,,,,,
2024-07-25,3,Thursday,0.00,14.05,7.03,34.41,481.82,0.00,9704.00,10817.00,20606.00,0.53,0.00,0.00,,,,,
2024-07-25,4,Thursday,0.00,14.97,6.98,34.41,481.82,0.00,9579.00,10817.00,20606.00,0.54,0.00,0.00,,,,,
2024-07-25,5,Thursday,0.00,11.29,6.94,34.41,481.82,0.00,9534.00,10817.00,20606.00,0.54,0.00,0.00,,,,,
2024-07-25,6,Thursday,0.00,11.36,6.90,34.41,481.82,0.00,9600.00,10817.00,20606.00,0.53,0.00,0.00,,,,,
2024-07-25,7,Thursday,0.00,13.90,6.87,34.41,481.82,0.00,9774.00,10817.00,20606.00,0.53,0.00,0.00,,,,,
2024-07-25,8,Thursday,0.00,21.20,6.84,34.41,481.82,0.00,10133.00,10817.00,20606.00,0.51,0.00,0.00,,,,,
2024-07-25,9,Thursday,0.00,34.41,6.82,34.41,481.82,0.00,10396.00,10817.00,20606.00,0.50,21.50,1.00,,,,,
2024-07-25,10,Thursday,0.00,21.71,6.80,34.41,481.82,0.00,10498.00,10817.00,20606.00,0.49,0.00,0.00,,,,,
2024-07-25,11,Thursday,0.00,12.37,6.79,34.41,481.82,0.00,10581.00,10817.00,20606.00,0.49,0.00,0.00,,,,,
2024-07-25,12,Thursday,0.00,14.73,6.78,34.41,481.82,0.00,10672.00,10817.00,20606.00,0.48,0.00,0.00,,,,,
2024-07-25,13,Thursday,0.00,9.07,6.78,34.41,481.82,0.00,10739.00,10817.00,20606.00,0.48,0.00,0.00,,,,,
2024-07-25,14,Thursday,0.00,5.82,6.79,34.41,481.82,0.00,10765.00,10817.00,20606.00,0.48,0.00,0.00,,,,,
2024-07-25,15,Thursday,0.00,6.15,6.80,34.41,481.82,0.00,10817.00,10817.00,20606.00,0.48,0.00,0.00,,,,,
2024-07-25,16,Thursday,0.00,0.00,6.82,34.41,481.82,0.00,10778.00,10817.00,20606.00,0.48,0.00,0.00,,,,,
2024-07-25,17,Thursday,0.00,0.00,6.84,34.41,481.82,0.00,10752.00,10817.00,20606.00,0.48,0.00,0.00,,,,,
2024-07-25,18,Thursday,0.00,6.40,6.87,34.41,481.82,0.00,10771.00,10817.00,20606.00,0.48,0.00,0.00,,,,,
2024-07-25,19,Thursday,0.00,1.89,6.90,34.41,481.82,0.00,10669.00,10817.00,20606.00,0.48,0.00,0.00,,,,,
2024-07-25,20,Thursday,0.00,3.52,6.94,34.41,481.82,0.00,10481.00,10817.00,20606.00,0.49,0.00,0.00,,,,,
2024-07-25,21,Thursday,0.00,14.45,6.98,34.41,481.82,0.00,10284.00,10817.00,20606.00,0.50,0.00,0.00,,,,,
2024-07-25,22,Thursday,0.00,25.50,7.03,34.41,481.82,0.00,10231.00,10817.00,20606.00,0.50,18.66,1.00,,,,,
2024-07-25,23,Thursday,0.00,22.98,7.09,34.41,481.82,0.00,10064.00,10817.00,20606.00,0.51,1.91,1.00,,,,,
2024-07-25,24,Thursday,0.00,9.13,7.15,34.41,481.82,0.00,9641.00,10817.00,20606.00,0.53,0.00,0.00,,,,,
2024-07-26,1,Friday,0.00,3.28,7.15,19.75,481.82,0.00,9361.00,10735.00,20606.00,0.55,0.00,0.00,,,,,
2024-07-26,2,Friday,0.00,0.00,7.09,19.75,481.82,0.00,9223.00,10735.00,20606.00,0.55,0.00,0.00,,,,,
2024-07-26,3,Friday,0.00,0.00,7.03,19.75,481.82,0.00,9131.00,10735.00,20606.00,0.56,0.00,0.00,,,,,
2024-07-26,4,Friday,0.00,0.55,6.98,19.75,481.82,0.00,9138.00,10735.00,20606.00,0.56,0.00,0.00,,,,,
2024-07-26,5,Friday,0.00,5.52,6.94,19.75,481.82,0.00,9153.00,10735.00,20606.00,0.56,0.00,0.00,,,,,
2024-07-26,6,Friday,0.00,0.00,6.90,19.75,481.82,0.00,9290.00,10735.00,20606.00,0.55,0.00,0.00,,,,,
2024-07-26,7,Friday,0.00,0.00,6.87,19.75,481.82,0.00,9495.00,10735.00,20606.00,0.54,0.00,0.00,,,,,
2024-07-26,8,Friday,0.00,0.00,6.84,19.75,481.82,0.00,9842.00,10735.00,20606.00,0.52,0.00,0.00,,,,,
2024-07-26,9,Friday,0.00,0.00,6.82,19.75,481.82,0.00,10129.00,10735.00,20606.00,0.51,0.00,0.00,,,,,
2024-07-26,10,Friday,0.00,2.57,6.80,19.75,481.82,0.00,10296.00,10735.00,20606.00,0.50,0.00,0.00,,,,,
2024-07-26,11,Friday,0.00,6.18,6.79,19.75,481.82,0.00,10436.00,10735.00,20606.00,0.49,0.00,0.00,,,,,
2024-07-26,12,Friday,0.00,8.07,6.78,19.75,481.82,0.00,10569.00,10735.00,20606.00,0.49,0.00,0.00,,,,,
2024-07-26,13,Friday,0.00,17.72,6.78,19.75,481.82,0.00,10623.00,10735.00,20606.00,0.48,0.00,0.00,,,,,
2024-07-26,14,Friday,0.00,12.17,6.79,19.75,481.82,0.00,10662.00,10735.00,20606.00,0.48,0.00,0.00,,,,,
2024-07-26,15,Friday,0.00,10.23,6.80,19.75,481.82,0.00,10687.00,10735.00,20606.00,0.48,0.00,0.00,,,,,
2024-07-26,16,Friday,0.00,8.42,6.82,19.75,481.82,0.00,10731.00,10735.00,20606.00,0.48,0.00,0.00,,,,,
2024-07-26,17,Friday,0.00,7.30,6.84,19.75,481.82,0.00,10735.00,10735.00,20606.00,0.48,0.00,0.00,,,,,
2024-07-26,18,Friday,0.00,7.56,6.87,19.75,481.82,0.00,10675.00,10735.00,20606.00,0.48,0.00,0.00,,,,,
2024-07-26,19,Friday,0.00,8.78,6.90,19.75,481.82,0.00,10429.00,10735.00,20606.00,0.49,0.00,0.00,,,,,
2024-07-26,20,Friday,0.00,13.57,6.94,19.75,481.82,0.00,10266.00,10735.00,20606.00,0.50,0.00,0.00,,,,,
2024-07-26,21,Friday,0.00,18.57,6.98,19.75,481.82,0.00,10093.00,10735.00,20606.00,0.51,0.00,0.00,,,,,
2024-07-26,22,Friday,0.00,19.75,7.03,19.75,481.82,0.00,9983.00,10735.00,20606.00,0.52,0.00,0.00,,,,,
2024-07-26,23,Friday,0.00,19.19,7.09,19.75,481.82,0.00,9869.00,10735.00,20606.00,0.52,0.00,0.00,,,,,
2024-07-26,24,Friday,1.00,19.41,7.15,19.75,481.82,0.00,9574.00,10735.00,20606.00,0.54,0.00,0.00,,,,,
2024-07-27,1,Saturday,1.00,17.29,7.15,57.30,481.82,0.00,9305.00,10128.00,20606.00,0.55,0.00,0.00,,,,,
2024-07-27,2,Saturday,1.00,14.35,7.09,57.30,481.82,0.00,9136.00,10128.00,20606.00,0.56,0.00,0.00,,,,,
2024-07-27,3,Saturday,1.00,12.48,7.03,57.30,481.82,0.00,8993.00,10128.00,20606.00,0.56,0.00,0.00,,,,,
2024-07-27,4,Saturday,1.00,9.57,6.98,57.30,481.82,0.00,8920.00,10128.00,20606.00,0.57,0.00,0.00,,,,,
2024-07-27,5,Saturday,1.00,11.56,6.94,57.30,481.82,0.00,8905.00,10128.00,20606.00,0.57,0.00,0.00,,,,,
2024-07-27,6,Saturday,1.00,9.42,6.90,57.30,481.82,0.00,8964.00,10128.00,20606.00,0.56,0.00,0.00,,,,,
2024-07-27,7,Saturday,1.00,8.57,6.87,57.30,481.82,0.00,8993.00,10128.00,20606.00,0.56,0.00,0.00,,,,,
2024-07-27,8,Saturday,1.00,10.18,6.84,57.30,481.82,0.00,9176.00,10128.00,20606.00,0.55,0.00,0.00,,,,,
2024-07-27,9,Saturday,1.00,14.10,6.82,57.30,481.82,0.00,9407.00,10128.00,20606.00,0.54,0.00,0.00,,,,,
2024-07-27,10,Saturday,1.00,15.96,6.80,57.30,481.82,0.00,9658.00,10128.00,20606.00,0.53,0.00,0.00,,,,,
2024-07-27,11,Saturday,1.00,12.58,6.79,57.30,481.82,0.00,9799.00,10128.00,20606.00,0.52,0.00,0.00,,,,,
2024-07-27,12,Saturday,1.00,14.71,6.78,57.30,481.82,0.00,9846.00,10128.00,20606.00,0.52,0.00,0.00,,,,,
2024-07-27,13,Saturday,1.00,15.06,6.78,57.30,481.82,0.00,9859.00,10128.00,20606.00,0.52,0.00,0.00,,,,,
2024-07-27,14,Saturday,1.00,14.63,6.79,57.30,481.82,0.00,9857.00,10128.00,20606.00,0.52,0.00,0.00,,,,,
2024-07-27,15,Saturday,1.00,17.05,6.80,57.30,481.82,0.00,9862.00,10128.00,20606.00,0.52,0.00,0.00,,,,,
2024-07-27,16,Saturday,1.00,15.20,6.82,57.30,481.82,0.00,9950.00,10128.00,20606.00,0.52,0.00,0.00,,,,,
2024-07-27,17,Saturday,1.00,17.74,6.84,57.30,481.82,0.00,10052.00,10128.00,20606.00,0.51,0.00,0.00,,,,,
2024-07-27,18,Saturday,1.00,26.08,6.87,57.30,481.82,0.00,10128.00,10128.00,20606.00,0.51,1.90,1.00,,,,,
2024-07-27,19,Saturday,1.00,44.16,6.90,57.30,481.82,0.00,10103.00,10128.00,20606.00,0.51,39.81,1.00,,,,,
2024-07-27,20,Saturday,1.00,54.31,6.94,57.30,481.82,0.00,10045.00,10128.00,20606.00,0.51,49.86,1.00,,,,,
2024-07-27,21,Saturday,1.00,50.63,6.98,57.30,481.82,0.00,9932.00,10128.00,20606.00,0.52,39.81,1.00,,,,,
2024-07-27,22,Saturday,1.00,57.30,7.03,57.30,481.82,0.00,9900.00,10128.00,20606.00,0.52,56.21,1.00,,,,,
2024-07-27,23,Saturday,1.00,36.62,7.09,57.30,481.82,0.00,9864.00,10128.00,20606.00,0.52,18.59,1.00,,,,,
2024-07-27,24,Saturday,1.00,23.00,7.15,57.30,481.82,0.00,9587.00,10128.00,20606.00,0.53,0.00,0.00,,,,,
2024-07-28,1,Sunday,1.00,16.93,7.15,90.36,481.82,0.00,9341.00,10815.00,20606.00,0.55,0.00,0.00,,,,,
2024-07-28,2,Sunday,1.00,13.92,7.09,90.36,481.82,0.00,9203.00,10815.00,20606.00,0.55,0.00,0.00,,,,,
2024-07-28,3,Sunday,1.00,9.44,7.03,90.36,481.82,0.00,9080.00,10815.00,20606.00,0.56,0.00,0.00,,,,,
2024-07-28,4,Sunday,1.00,10.28,6.98,90.36,481.82,0.00,8990.00,10815.00,20606.00,0.56,0.00,0.00,,,,,
2024-07-28,5,Sunday,1.00,9.16,6.94,90.36,481.82,0.00,8906.00,10815.00,20606.00,0.57,0.00,0.00,,,,,
2024-07-28,6,Sunday,1.00,12.05,6.90,90.36,481.82,0.00,8910.00,10815.00,20606.00,0.57,0.00,0.00,,,,,
2024-07-28,7,Sunday,1.00,9.43,6.87,90.36,481.82,0.00,8841.00,10815.00,20606.00,0.57,0.00,0.00,,,,,
2024-07-28,8,Sunday,1.00,7.83,6.84,90.36,481.82,0.00,8984.00,10815.00,20606.00,0.56,0.00,0.00,,,,,
2024-07-28,9,Sunday,1.00,7.62,6.82,90.36,481.82,0.00,9196.00,10815.00,20606.00,0.55,0.00,0.00,,,,,
2024-07-28,10,Sunday,1.00,16.55,6.80,90.36,481.82,0.00,9487.00,10815.00,20606.00,0.54,0.00,0.00,,,,,
2024-07-28,11,Sunday,1.00,16.99,6.79,90.36,481.82,0.00,9774.00,10815.00,20606.00,0.53,0.00,0.00,,,,,
2024-07-28,12,Sunday,1.00,16.31,6.78,90.36,481.82,0.00,9992.00,10815.00,20606.00,0.52,0.00,0.00,,,,,
2024-07-28,13,Sunday,1.00,16.99,6.78,90.36,481.82,0.00,10128.00,10815.00,20606.00,0.51,0.00,0.00,,,,,
2024-07-28,14,Sunday,1.00,17.00,6.79,90.36,481.82,0.00,10221.00,10815.00,20606.00,0.50,0.00,0.00,,,,,
2024-07-28,15,Sunday,1.00,18.15,6.80,90.36,481.82,0.00,10349.00,10815.00,20606.00,0.50,0.00,0.00,,,,,
2024-07-28,16,Sunday,1.00,21.65,6.82,90.36,481.82,0.00,10473.00,10815.00,20606.00,0.49,0.00,0.00,,,,,
2024-07-28,17,Sunday,1.00,32.22,6.84,90.36,481.82,0.00,10656.00,10815.00,20606.00,0.48,7.87,1.00,,,,,
2024-07-28,18,Sunday,1.00,32.52,6.87,90.36,481.82,0.00,10808.00,10815.00,20606.00,0.48,7.87,1.00,,,,,
2024-07-28,19,Sunday,1.00,50.72,6.90,90.36,481.82,0.00,10815.00,10815.00,20606.00,0.48,26.57,1.00,,,,,
2024-07-28,20,Sunday,1.00,47.17,6.94,90.36,481.82,0.00,10739.00,10815.00,20606.00,0.48,26.15,1.00,,,,,
2024-07-28,21,Sunday,1.00,90.36,6.98,90.36,481.82,0.00,10511.00,10815.00,20606.00,0.49,69.46,1.00,,,,,
2024-07-28,22,Sunday,1.00,45.05,7.03,90.36,481.82,0.00,10355.00,10815.00,20606.00,0.50,33.63,1.00,,,,,
2024-07-28,23,Sunday,1.00,25.41,7.09,90.36,481.82,0.00,10192.00,10815.00,20606.00,0.51,0.00,0.00,,,,,
2024-07-28,24,Sunday,0.00,17.53,7.15,90.36,481.82,0.00,9809.00,10815.00,20606.00,0.52,0.00,0.00,,,,,
2024-07-29,1,Monday,0.00,18.30,7.15,41.13,481.82,0.00,9433.00,11493.00,20606.00,0.54,0.00,0.00,,,,,
2024-07-29,2,Monday,0.00,17.67,7.09,41.13,481.82,0.00,9188.00,11493.00,20606.00,0.55,0.00,0.00,,,,,
2024-07-29,3,Monday,0.00,14.60,7.03,41.13,481.82,0.00,9026.00,11493.00,20606.00,0.56,0.00,0.00,,,,,
2024-07-29,4,Monday,0.00,14.80,6.98,41.13,481.82,0.00,8987.00,11493.00,20606.00,0.56,0.00,0.00,,,,,
2024-07-29,5,Monday,0.00,13.42,6.94,41.13,481.82,0.00,9029.00,11493.00,20606.00,0.56,0.00,0.00,,,,,
2024-07-29,6,Monday,0.00,17.06,6.90,41.13,481.82,0.00,9123.00,11493.00,20606.00,0.56,0.00,0.00,,,,,
2024-07-29,7,Monday,0.00,17.18,6.87,41.13,481.82,0.00,9348.00,11493.00,20606.00,0.55,0.00,0.00,,,,,
2024-07-29,8,Monday,0.00,22.76,6.84,41.13,481.82,0.00,9725.00,11493.00,20606.00,0.53,0.00,0.00,,,,,
2024-07-29,9,Monday,0.00,41.13,6.82,41.13,481.82,0.00,10077.00,11493.00,20606.00,0.51,31.85,1.00,,,,,
2024-07-29,10,Monday,0.00,35.56,6.80,41.13,481.82,0.00,10428.00,11493.00,20606.00,0.49,25.90,1.00,,,,,
2024-07-29,11,Monday,0.00,30.53,6.79,41.13,481.82,0.00,10783.00,11493.00,20606.00,0.48,13.66,1.00,,,,,
2024-07-29,12,Monday,0.00,28.61,6.78,41.13,481.82,0.00,11019.00,11493.00,20606.00,0.47,11.79,1.00,,,,,
2024-07-29,13,Monday,0.00,34.20,6.78,41.13,481.82,0.00,11225.00,11493.00,20606.00,0.46,18.71,1.00,,,,,
2024-07-29,14,Monday,0.00,34.91,6.79,41.13,481.82,0.00,11392.00,11493.00,20606.00,0.45,20.31,1.00,,,,,
2024-07-29,15,Monday,0.00,37.94,6.80,41.13,481.82,0.00,11456.00,11493.00,20606.00,0.44,22.31,1.00,,,,,
2024-07-29,16,Monday,0.00,30.65,6.82,41.13,481.82,0.00,11493.00,11493.00,20606.00,0.44,2.95,1.00,,,,,
2024-07-29,17,Monday,0.00,25.18,6.84,41.13,481.82,0.00,11487.00,11493.00,20606.00,0.44,0.00,0.00,,,,,
2024-07-29,18,Monday,0.00,36.12,6.87,41.13,481.82,0.00,11458.00,11493.00,20606.00,0.44,18.69,1.00,,,,,
2024-07-29,19,Monday,0.00,39.68,6.90,41.13,481.82,0.00,11288.00,11493.00,20606.00,0.45,30.46,1.00,,,,,
2024-07-29,20,Monday,0.00,34.83,6.94,41.13,481.82,0.00,11032.00,11493.00,20606.00,0.46,18.81,1.00,,,,,
2024-07-29,21,Monday,0.00,22.30,6.98,41.13,481.82,0.00,10749.00,11493.00,20606.00,0.48,0.00,0.00,,,,,
2024-07-29,22,Monday,0.00,16.29,7.03,41.13,481.82,0.00,10614.00,11493.00,20606.00,0.48,0.00,0.00,,,,,
2024-07-29,23,Monday,0.00,10.47,7.09,41.13,481.82,0.00,10381.00,11493.00,20606.00,0.50,0.00,0.00,,,,,
2024-07-29,24,Monday,0.00,17.33,7.15,41.13,481.82,0.00,10058.00,11493.00,20606.00,0.51,0.00,0.00,,,,,
2024-07-30,1,Tuesday,0.00,17.36,7.15,108.57,481.82,0.00,9735.00,11307.00,20606.00,0.53,0.00,0.00,,,,,
2024-07-30,2,Tuesday,0.00,15.74,7.09,108.57,481.82,0.00,9528.00,11307.00,20606.00,0.54,0.00,0.00,,,,,
2024-07-30,3,Tuesday,0.00,13.93,7.03,108.57,481.82,0.00,9378.00,11307.00,20606.00,0.54,0.00,0.00,,,,,
2024-07-30,4,Tuesday,0.00,16.37,6.98,108.57,481.82,0.00,9290.00,11307.00,20606.00,0.55,0.00,0.00,,,,,
2024-07-30,5,Tuesday,0.00,17.08,6.94,108.57,481.82,0.00,9264.00,11307.00,20606.00,0.55,0.00,0.00,,,,,
2024-07-30,6,Tuesday,0.00,26.34,6.90,108.57,481.82,0.00,9393.00,11307.00,20606.00,0.54,17.69,1.00,,,,,
2024-07-30,7,Tuesday,0.00,35.44,6.87,108.57,481.82,0.00,9611.00,11307.00,20606.00,0.53,33.97,1.00,,,,,
2024-07-30,8,Tuesday,0.00,50.13,6.84,108.57,481.82,0.00,9940.00,11307.00,20606.00,0.52,19.10,1.00,,,,,
2024-07-30,9,Tuesday,0.00,57.12,6.82,108.57,481.82,0.00,10207.00,11307.00,20606.00,0.50,40.46,1.00,,,,,
2024-07-30,10,Tuesday,0.00,39.92,6.80,108.57,481.82,0.00,10411.00,11307.00,20606.00,0.49,16.79,1.00,,,,,
2024-07-30,11,Tuesday,0.00,38.98,6.79,108.57,481.82,0.00,10533.00,11307.00,20606.00,0.49,33.30,1.00,,,,,
2024-07-30,12,Tuesday,0.00,45.01,6.78,108.57,481.82,0.00,10687.00,11307.00,20606.00,0.48,32.62,1.00,,,,,
2024-07-30,13,Tuesday,0.00,52.79,6.78,108.57,481.82,0.00,10924.00,11307.00,20606.00,0.47,45.66,1.00,,,,,
2024-07-30,14,Tuesday,0.00,74.02,6.79,108.57,481.82,0.00,11166.00,11307.00,20606.00,0.46,61.80,1.00,,,,,
2024-07-30,15,Tuesday,0.00,104.65,6.80,108.57,481.82,0.00,11242.00,11307.00,20606.00,0.45,77.17,1.00,,,,,
2024-07-30,16,Tuesday,0.00,94.32,6.82,108.57,481.82,0.00,11255.00,11307.00,20606.00,0.45,69.61,1.00,,,,,
2024-07-30,17,Tuesday,0.00,95.41,6.84,108.57,481.82,0.00,11240.00,11307.00,20606.00,0.45,69.61,1.00,,,,,
2024-07-30,18,Tuesday,0.00,39.54,6.87,108.57,481.82,0.00,11307.00,11307.00,20606.00,0.45,15.34,1.00,,,,,
2024-07-30,19,Tuesday,0.00,50.29,6.90,108.57,481.82,0.00,11293.00,11307.00,20606.00,0.45,40.46,1.00,,,,,
2024-07-30,20,Tuesday,0.00,103.79,6.94,108.57,481.82,0.00,11217.00,11307.00,20606.00,0.46,62.61,1.00,,,,,
2024-07-30,21,Tuesday,0.00,108.57,6.98,108.57,481.82,0.00,10984.00,11307.00,20606.00,0.47,76.82,1.00,,,,,
2024-07-30,22,Tuesday,0.00,65.45,7.03,108.57,481.82,0.00,10760.00,11307.00,20606.00,0.48,51.55,1.00,,,,,
2024-07-30,23,Tuesday,0.00,34.65,7.09,108.57,481.82,0.00,10566.00,11307.00,20606.00,0.49,17.75,1.00,,,,,
2024-07-30,24,Tuesday,0.00,28.71,7.15,108.57,481.82,0.00,10190.00,11307.00,20606.00,0.51,18.40,1.00,,,,,
2024-07-31,1,Wednesday,0.00,30.53,7.15,47.97,481.82,0.00,9869.00,11949.00,20606.00,0.52,20.25,1.00,,,,,
2024-07-31,2,Wednesday,0.00,29.35,7.09,47.97,481.82,0.00,9637.00,11949.00,20606.00,0.53,17.94,1.00,,,,,
2024-07-31,3,Wednesday,0.00,27.11,7.03,47.97,481.82,0.00,9518.00,11949.00,20606.00,0.54,15.89,1.00,,,,,
2024-07-31,4,Wednesday,0.00,18.53,6.98,47.97,481.82,0.00,9483.00,11949.00,20606.00,0.54,0.00,0.00,,,,,
2024-07-31,5,Wednesday,0.00,15.24,6.94,47.97,481.82,0.00,9471.00,11949.00,20606.00,0.54,0.00,0.00,,,,,
2024-07-31,6,Wednesday,0.00,15.74,6.90,47.97,481.82,0.00,9539.00,11949.00,20606.00,0.54,0.00,0.00,,,,,
2024-07-31,7,Wednesday,0.00,19.34,6.87,47.97,481.82,0.00,9707.00,11949.00,20606.00,0.53,0.00,0.00,,,,,
2024-07-31,8,Wednesday,0.00,26.99,6.84,47.97,481.82,0.00,10121.00,11949.00,20606.00,0.51,17.27,1.00,,,,,
2024-07-31,9,Wednesday,0.00,30.75,6.82,47.97,481.82,0.00,10499.00,11949.00,20606.00,0.49,13.43,1.00,,,,,
2024-07-31,10,Wednesday,0.00,42.22,6.80,47.97,481.82,0.00,10761.00,11949.00,20606.00,0.48,41.03,1.00,,,,,
2024-07-31,11,Wednesday,0.00,47.97,6.79,47.97,481.82,0.00,10981.00,11949.00,20606.00,0.47,41.03,1.00,,,,,
2024-07-31,12,Wednesday,0.00,45.41,6.78,47.97,481.82,0.00,11181.00,11949.00,20606.00,0.46,40.81,1.00,,,,,
2024-07-31,13,Wednesday,0.00,30.44,6.78,47.97,481.82,0.00,11344.00,11949.00,20606.00,0.45,11.24,1.00,,,,,
2024-07-31,14,Wednesday,0.00,32.39,6.79,47.97,481.82,0.00,11511.00,11949.00,20606.00,0.44,18.89,1.00,,,,,
2024-07-31,15,Wednesday,0.00,38.61,6.80,47.97,481.82,0.00,11652.00,11949.00,20606.00,0.43,32.18,1.00,,,,,
2024-07-31,16,Wednesday,0.00,37.93,6.82,47.97,481.82,0.00,11819.00,11949.00,20606.00,0.43,33.25,1.00,,,,,
2024-07-31,17,Wednesday,0.00,40.26,6.84,47.97,481.82,0.00,11949.00,11949.00,20606.00,0.42,32.95,1.00,,,,,
2024-07-31,18,Wednesday,0.00,36.11,6.87,47.97,481.82,0.00,11901.00,11949.00,20606.00,0.42,16.92,1.00,,,,,
2024-07-31,19,Wednesday,0.00,35.61,6.90,47.97,481.82,0.00,11582.00,11949.00,20606.00,0.44,31.95,1.00,,,,,
2024-07-31,20,Wednesday,0.00,29.44,6.94,47.97,481.82,0.00,11306.00,11949.00,20606.00,0.45,9.41,1.00,,,,,
2024-07-31,21,Wednesday,0.00,31.36,6.98,47.97,481.82,0.00,11062.00,11949.00,20606.00,0.46,16.74,1.00,,,,,
2024-07-31,22,Wednesday,0.00,35.81,7.03,47.97,481.82,0.00,10847.00,11949.00,20606.00,0.47,32.42,1.00,,,,,
2024-07-31,23,Wednesday,0.00,23.67,7.09,47.97,481.82,0.00,10500.00,11949.00,20606.00,0.49,17.33,1.00,,,,,
2024-07-31,24,Wednesday,0.00,15.59,7.15,47.97,481.82,0.00,10105.00,11949.00,20606.00,0.51,0.00,0.00,,,,,
